[{"id":"CN2020191TKZ93R","type":"Feature","geometry":{"type":"Point","coordinates":[120.369051,30.146551]},"properties":{"name":"ZHEJIANG XINYUELANG GARMENT CO., LTD.","address":"BUILDING1-2# WARP KNITTING INDUSTRY CITY  YANGXUNQIAO TOWN KEQIAO DISTRICT,ZHEJIANG PROVINCE,CHINA., SHAOXING","country_code":"CN","os_id":"CN2020191TKZ93R","country_name":"China","has_approved_claim":false,"ppe_product_types":null,"ppe_contact_phone":null,"ppe_contact_email":null,"ppe_website":null,"is_closed":null}},{"id":"CN2019172ZZCCDA","type":"Feature","geometry":{"type":"Point","coordinates":[121.2883501,30.0135075]},"properties":{"name":"Zhejiang Yinhe Printing Dyeing Co.,Ltd","address":"Industrial Zone B,Zhangting Town Yuyao 315410 Zhejiang","country_code":"CN","os_id":"CN2019172ZZCCDA","country_name":"China","has_approved_claim":false,"ppe_product_types":null,"ppe_contact_phone":null,"ppe_contact_email":null,"ppe_website":null,"is_closed":null}},{"id":"CN2019100C8V10E","type":"Feature","geometry":{"type":"Point","coordinates":[120.495065,30.081941]},"properties":{"name":"Zhejiang Yuexin Dyeing & Printing Co.,Ltd","address":"No#11, Coastal North Road, Keqiao District, Shaoxing, Zhejiang","country_code":"CN","os_id":"CN2019100C8V10E","country_name":"China","has_approved_claim":false,"ppe_product_types":null,"ppe_contact_phone":null,"ppe_contact_email":null,"ppe_website":null,"is_closed":null}},{"id":"CN2019297F17E7V","type":"Feature","geometry":{"type":"Point","coordinates":[120.298964,29.908562]},"properties":{"name":"Zhejiang Yunhao Shoes Co.,Ltd","address":"No.1 zhenxing road, zhibu town, zhibu town","country_code":"CN","os_id":"CN2019297F17E7V","country_name":"China","has_approved_claim":false,"ppe_product_types":[],"ppe_contact_phone":null,"ppe_contact_email":null,"ppe_website":null,"is_closed":null}},{"id":"CN2020076FKRA06","type":"Feature","geometry":{"type":"Point","coordinates":[120.1782156,29.7421832]},"properties":{"name":"Zhejiang Zhuji Haoyue Socks Co., Ltd","address":"No. 28 Lianhe Road, Taozhu Street, Zhuji 311800","country_code":"CN","os_id":"CN2020076FKRA06","country_name":"China","has_approved_claim":false,"ppe_product_types":null,"ppe_contact_phone":null,"ppe_contact_email":null,"ppe_website":null,"is_closed":null}},{"id":"CN20213157GBXGE","type":"Feature","geometry":{"type":"Point","coordinates":[120.628606,30.152637]},"properties":{"name":"Zhejiang Zizhumei Printing And Dyeing Co., Ltd","address":"North Head of Jiuqi Qiutang Road, Binhai Industrial Zone, Keqiao District, Shaoxing, Zhejiang","country_code":"CN","os_id":"CN20213157GBXGE","country_name":"China","has_approved_claim":false,"ppe_product_types":null,"ppe_contact_phone":null,"ppe_contact_email":null,"ppe_website":null,"is_closed":null}},{"id":"CN201917217XDSJ","type":"Feature","geometry":{"type":"Point","coordinates":[113.250897,22.672099]},"properties":{"name":"Zhong Shan Kin Tak Garment Factory Ltd.","address":"Wan An Industrial District, Ji Dong 1, Xiaolan Town Zhongshan 528400 Guangdong","country_code":"CN","os_id":"CN201917217XDSJ","country_name":"China","has_approved_claim":false,"ppe_product_types":null,"ppe_contact_phone":null,"ppe_contact_email":null,"ppe_website":null,"is_closed":null}},{"id":"CN2019221R8282E","type":"Feature","geometry":{"type":"Point","coordinates":[113.3098129,22.4982906]},"properties":{"name":"ZhongshanTeamwayGarmentCo. Ltd.","address":"No. 8Xinggong Road, Shaxi Town, Zhongshan, Guangdong","country_code":"CN","os_id":"CN2019221R8282E","country_name":"China","has_approved_claim":false,"ppe_product_types":null,"ppe_contact_phone":null,"ppe_contact_email":null,"ppe_website":null,"is_closed":null}},{"id":"CN20222584R4K92","type":"Feature","geometry":{"type":"Point","coordinates":[113.46785,22.25462]},"properties":{"name":"Zhongshan Tongyi Accessories Co. Ltd.","address":"No.18, the 4th Qianjing Road, the 3rd Industrial zone, Tanzhou town, 528467 Zhongshan, Province: Guangdong","country_code":"CN","os_id":"CN20222584R4K92","country_name":"China","has_approved_claim":false,"ppe_product_types":null,"ppe_contact_phone":null,"ppe_contact_email":null,"ppe_website":null,"is_closed":null}},{"id":"CN2019096QTF45N","type":"Feature","geometry":{"type":"Point","coordinates":[113.46141,22.535667]},"properties":{"name":"Zhongshan Zhijie Footwear Technical Service Co., Ltd.","address":"Building 1 2 4 & 5 No. 2 Shi Ji Yi Road Huo Ju Development Area ZhongShan Guangdong","country_code":"CN","os_id":"CN2019096QTF45N","country_name":"China","has_approved_claim":false,"ppe_product_types":null,"ppe_contact_phone":null,"ppe_contact_email":null,"ppe_website":null,"is_closed":null}},{"id":"CN2023233JHZDP5","type":"Feature","geometry":{"type":"Point","coordinates":[113.67114,22.936585]},"properties":{"name":"Zhongwang Leather Bags Company Limi","address":"No.40 ,Tianping Road Nanwu Village Houjie Town,Dongguan,City, Dongguan 523960","country_code":"CN","os_id":"CN2023233JHZDP5","country_name":"China","has_approved_claim":false,"ppe_product_types":null,"ppe_contact_phone":null,"ppe_contact_email":null,"ppe_website":null,"is_closed":null}},{"id":"CN2020148WSWJ49","type":"Feature","geometry":{"type":"Point","coordinates":[121.637107,29.869305]},"properties":{"name":"Zhongyin Ningbo Battery Co Ltd","address":"128 Xingguang Road Hi Tech District Ningbo Zhejiang","country_code":"CN","os_id":"CN2020148WSWJ49","country_name":"China","has_approved_claim":false,"ppe_product_types":null,"ppe_contact_phone":null,"ppe_contact_email":null,"ppe_website":null,"is_closed":null}},{"id":"CN2021280G9ZBKP","type":"Feature","geometry":{"type":"Point","coordinates":[119.3987739,36.051751]},"properties":{"name":"Zhucheng Plano Menswear Co Ltd","address":"No.7877 Shunwang Avenue, Shunwang, Zhucheng, Shandong Province, CHINA","country_code":"CN","os_id":"CN2021280G9ZBKP","country_name":"China","has_approved_claim":false,"ppe_product_types":null,"ppe_contact_phone":null,"ppe_contact_email":null,"ppe_website":null,"is_closed":null}},{"id":"CN2020010P0V24D","type":"Feature","geometry":{"type":"Point","coordinates":[119.410103,35.995654]},"properties":{"name":"Zhucheng Yaxing Knitting Garment","address":"south extension 300 metres  Dongwaihuan Road   Zhucheng City  China","country_code":"CN","os_id":"CN2020010P0V24D","country_name":"China","has_approved_claim":false,"ppe_product_types":null,"ppe_contact_phone":null,"ppe_contact_email":null,"ppe_website":null,"is_closed":null}},{"id":"CN20203491PSFHN","type":"Feature","geometry":{"type":"Point","coordinates":[119.3987739,36.051751]},"properties":{"name":"Zhuchen Yuan Knitting Co., Ltd.","address":"No 725 Shunwang Road Zhuchong","country_code":"CN","os_id":"CN20203491PSFHN","country_name":"China","has_approved_claim":false,"ppe_product_types":null,"ppe_contact_phone":null,"ppe_contact_email":null,"ppe_website":null,"is_closed":null}},{"id":"CN2019175G6KQ7H","type":"Feature","geometry":{"type":"Point","coordinates":[120.1180043,29.5447626]},"properties":{"name":"Zhuji Eiko Knitting Co., Ltd","address":"8 Gaoerde Road, Anhua Town Zhuji 311821 Zhejiang","country_code":"CN","os_id":"CN2019175G6KQ7H","country_name":"China","has_approved_claim":false,"ppe_product_types":null,"ppe_contact_phone":null,"ppe_contact_email":null,"ppe_website":null,"is_closed":null}},{"id":"CN2021159WX9X9D","type":"Feature","geometry":{"type":"Point","coordinates":[120.127033,29.550426]},"properties":{"name":"Zhuji Hualai knitting factory","address":"No.38, Huafeng Road, Anhua Town, Zhuji City, Zhejiang Province, China, Zhuji","country_code":"CN","os_id":"CN2021159WX9X9D","country_name":"China","has_approved_claim":false,"ppe_product_types":null,"ppe_contact_phone":null,"ppe_contact_email":null,"ppe_website":null,"is_closed":null}},{"id":"CN2020016JEAR53","type":"Feature","geometry":{"type":"Point","coordinates":[120.1952722,29.7001176]},"properties":{"name":"ZHUJI KAIWEI KNITTING CO.,LTD","address":"NO.6 BIQUAN ROAD，TAOZHU STREET, ZHUJI CITY, Zhejiang, 311801","country_code":"CN","os_id":"CN2020016JEAR53","country_name":"China","has_approved_claim":false,"ppe_product_types":null,"ppe_contact_phone":null,"ppe_contact_email":null,"ppe_website":null,"is_closed":null}},{"id":"CN2019175FX6JWA","type":"Feature","geometry":{"type":"Point","coordinates":[120.2372109,29.694208]},"properties":{"name":"Zhuji Yijia Hosiery Co., Ltd.","address":"No.1, Fengmin Road, Jiyang Street, Zhuji 311800 Zhejiang","country_code":"CN","os_id":"CN2019175FX6JWA","country_name":"China","has_approved_claim":false,"ppe_product_types":null,"ppe_contact_phone":null,"ppe_contact_email":null,"ppe_website":null,"is_closed":null}},{"id":"CN2022299D4DN86","type":"Feature","geometry":{"type":"Point","coordinates":[120.19153,29.69869]},"properties":{"name":"Zhuji Yuansheng Socks Co. Ltd.","address":"No.6, Lane 16, Wansong Road Taozhu Street, Zhuji City Shaoxing 311800 Zhejiang","country_code":"CN","os_id":"CN2022299D4DN86","country_name":"China","has_approved_claim":false,"ppe_product_types":null,"ppe_contact_phone":null,"ppe_contact_email":null,"ppe_website":null,"is_closed":null}},{"id":"CN2022063JVG5DF","type":"Feature","geometry":{"type":"Point","coordinates":[114.03377,32.94538]},"properties":{"name":"Zhumadian Jinhui Knit Garment Co., Ltd.","address":"No.116, Wutong Road, Zhumadian city, Henan Province, Zhumadian, Henan, China","country_code":"CN","os_id":"CN2022063JVG5DF","country_name":"China","has_approved_claim":false,"ppe_product_types":null,"ppe_contact_phone":null,"ppe_contact_email":null,"ppe_website":null,"is_closed":null}},{"id":"CN20202680R9T33","type":"Feature","geometry":{"type":"Point","coordinates":[114.0267925,32.9759787]},"properties":{"name":"Zhumadian Kino Leather Co., Ltd","address":"North of Changhe Road, Suiping industrial Area, Zhumadian 463000, Henan - China.","country_code":"CN","os_id":"CN20202680R9T33","country_name":"China","has_approved_claim":false,"ppe_product_types":null,"ppe_contact_phone":null,"ppe_contact_email":null,"ppe_website":null,"is_closed":null}},{"id":"CN2021159S483M1","type":"Feature","geometry":{"type":"Point","coordinates":[117.8475035,36.834656]},"properties":{"name":"ZIBO JINGSHANG HOMETEX CO.,LTD","address":"NO.10088 XINHUA AVENUE ZHOUCUN, ZIBO","country_code":"CN","os_id":"CN2021159S483M1","country_name":"China","has_approved_claim":false,"ppe_product_types":null,"ppe_contact_phone":null,"ppe_contact_email":null,"ppe_website":null,"is_closed":null}},{"id":"PK2020009MACARM","type":"Feature","geometry":{"type":"Point","coordinates":[74.3308864,31.4626066]},"properties":{"name":"Zulfiqar Knitting & Processing Mills Pvt Ltd","address":"156 M Quaid e Azam Industrial Estate Kot Lakhpat Lahore Pakistan","country_code":"PK","os_id":"PK2020009MACARM","country_name":"Pakistan","has_approved_claim":false,"ppe_product_types":null,"ppe_contact_phone":null,"ppe_contact_email":null,"ppe_website":null,"is_closed":null}},{"id":"TR2022285KYV35F","type":"Feature","geometry":{"type":"Point","coordinates":[38.651306,37.108124]},"properties":{"name":"Zümrüt Tekstil San. ve Tic. A.S.","address":"Koceron Organize Sanayi Bölgesi (OSB) Mah. 104 Cad. No  35 Eyibüye Sanli Urfa","country_code":"TR","os_id":"TR2022285KYV35F","country_name":"Türkiye","has_approved_claim":false,"ppe_product_types":null,"ppe_contact_phone":null,"ppe_contact_email":null,"ppe_website":null,"is_closed":null}},{"id":"CN2019266PDV4DT","type":"Feature","geometry":{"type":"Point","coordinates":[120.388019,30.2240539]},"properties":{"name":"3PX(HANGZHOU)CO.,LTD","address":"15, hongtai 6th Road, Hongken Block, XERZ, Xiaoshan District, Hangzhou","country_code":"CN","os_id":"CN2019266PDV4DT","country_name":"China","has_approved_claim":false,"ppe_product_types":null,"ppe_contact_phone":null,"ppe_contact_email":null,"ppe_website":null,"is_closed":null}},{"id":"CN20201484C45SM","type":"Feature","geometry":{"type":"Point","coordinates":[114.700961,23.743685]},"properties":{"name":"3W Home Fashion Heyuan Co Ltd","address":"Ming Zhu Industrial Park South of Chuangye Road and West of Heyuan Road Yuan Cheng District He Yuan City Guang Dong Province","country_code":"CN","os_id":"CN20201484C45SM","country_name":"China","has_approved_claim":false,"ppe_product_types":null,"ppe_contact_phone":null,"ppe_contact_email":null,"ppe_website":null,"is_closed":null}},{"id":"HN2020282W34WKR","type":"Feature","geometry":{"type":"Point","coordinates":[-87.9573723,15.6076217]},"properties":{"name":"5 STAR APPAREL S. de R.L. de C.V.","address":"Colonia los Profesionales complejo ZIP TEX, Choloma, Cortes, 21112","country_code":"HN","os_id":"HN2020282W34WKR","country_name":"Honduras","has_approved_claim":false,"ppe_product_types":[],"ppe_contact_phone":"","ppe_contact_email":"","ppe_website":"","is_closed":null}},{"id":"KH2019108R4V9PY","type":"Feature","geometry":{"type":"Point","coordinates":[104.892633,11.5431238]},"properties":{"name":"8 Star Sportswear Ltd","address":"Lot 0176 Damnak Thom Village, Stoeung Mean Chey, Khan Mean Chey Meanchey Phnom Penh Cambodia","country_code":"KH","os_id":"KH2019108R4V9PY","country_name":"Cambodia","has_approved_claim":false,"ppe_product_types":null,"ppe_contact_phone":null,"ppe_contact_email":null,"ppe_website":null,"is_closed":null}},{"id":"BG2019085SWJ06F","type":"Feature","geometry":{"type":"Point","coordinates":[23.4628413,41.8859984]},"properties":{"name":"ABOTIS LTD","address":"56 Hristo Botev Street, Razlog, Blagoevgrad Province,","country_code":"BG","os_id":"BG2019085SWJ06F","country_name":"Bulgaria","has_approved_claim":false,"ppe_product_types":null,"ppe_contact_phone":null,"ppe_contact_email":null,"ppe_website":null,"is_closed":null}},{"id":"CN2019181PYXK4F","type":"Feature","geometry":{"type":"Point","coordinates":[113.8516185,22.5962515]},"properties":{"name":"Ace Fashion (Shenzhen) Co. Ltd","address":"3rd Floor, Mingjinhai Complex Building Zhou Shi Road, Shiyan, Baoan District Shenzhen Guangdong","country_code":"CN","os_id":"CN2019181PYXK4F","country_name":"China","has_approved_claim":false,"ppe_product_types":null,"ppe_contact_phone":null,"ppe_contact_email":null,"ppe_website":null,"is_closed":null}},{"id":"VN2022065XJEX4K","type":"Feature","geometry":{"type":"Point","coordinates":[106.6842102,11.0739129]},"properties":{"name":"ACode Sporting Goods Co., Ltd.","address":"No 32 VSIP II A Street 31, Bac Tan Uyen, Bình Duong, 822710","country_code":"VN","os_id":"VN2022065XJEX4K","country_name":"Vietnam","has_approved_claim":false,"ppe_product_types":null,"ppe_contact_phone":null,"ppe_contact_email":null,"ppe_website":null,"is_closed":null}},{"id":"BD2020052XZPPKC","type":"Feature","geometry":{"type":"Point","coordinates":[90.270769,23.950136]},"properties":{"name":"ACTOR SPORTING LTD.","address":"PLOT NO#33-35 DEPZ. GANAKBARI, SAVAR,DHAKA Dhaka","country_code":"BD","os_id":"BD2020052XZPPKC","country_name":"Bangladesh","has_approved_claim":false,"ppe_product_types":null,"ppe_contact_phone":null,"ppe_contact_email":null,"ppe_website":null,"is_closed":null}},{"id":"TR20191722XGTCH","type":"Feature","geometry":{"type":"Point","coordinates":[26.82151,41.5488659]},"properties":{"name":"Adaş Trakya Giyim San.Tic.Ltcd:Şti.","address":"Hacıgazi Mah. 23 Kasm Cad. No:164 Havsa Edirne  Edirne","country_code":"TR","os_id":"TR20191722XGTCH","country_name":"Türkiye","has_approved_claim":false,"ppe_product_types":null,"ppe_contact_phone":null,"ppe_contact_email":null,"ppe_website":null,"is_closed":null}},{"id":"BR2020034Z8G4KD","type":"Feature","geometry":{"type":"Point","coordinates":[-49.697917,-27.5349337]},"properties":{"name":"Adelcio Jeremias - Me","address":"Rua Albino Zeni, 50 ,88430000,Petrolândia","country_code":"BR","os_id":"BR2020034Z8G4KD","country_name":"Brazil","has_approved_claim":false,"ppe_product_types":null,"ppe_contact_phone":null,"ppe_contact_email":null,"ppe_website":null,"is_closed":null}},{"id":"BR2021127VVRHEG","type":"Feature","geometry":{"type":"Point","coordinates":[-49.2930156,-26.8218261]},"properties":{"name":"ADELISA INDUSTRIAL TEXTIL LTDA","address":"RUA VOGEL, 90, DONA CLARA, TIMBÓ","country_code":"BR","os_id":"BR2021127VVRHEG","country_name":"Brazil","has_approved_claim":false,"ppe_product_types":null,"ppe_contact_phone":null,"ppe_contact_email":null,"ppe_website":null,"is_closed":null}},{"id":"TR20212705BMGHS","type":"Feature","geometry":{"type":"Point","coordinates":[28.717509,40.99757049999999]},"properties":{"name":"Adel Tekstil Insaat Pazarlama Ic Ve Dis Tic. San. Ltd. Sti.","address":"Universite Mahallesi Baglarici Caddesi No 22/1 Avcilar  Istanbul","country_code":"TR","os_id":"TR20212705BMGHS","country_name":"Türkiye","has_approved_claim":false,"ppe_product_types":null,"ppe_contact_phone":null,"ppe_contact_email":null,"ppe_website":null,"is_closed":null}},{"id":"VN2022067V12EJN","type":"Feature","geometry":{"type":"Point","coordinates":[105.5503683,19.8559598]},"properties":{"name":"ADIANA Viet Nam Footwear Company Limited","address":"Ha Lung Thuong Hamlet，Tho Dan Commune, Trieu Son Dictrict, Thanh Hoa Province","country_code":"VN","os_id":"VN2022067V12EJN","country_name":"Vietnam","has_approved_claim":false,"ppe_product_types":null,"ppe_contact_phone":null,"ppe_contact_email":null,"ppe_website":null,"is_closed":null}},{"id":"BR2021253RQNT56","type":"Feature","geometry":{"type":"Point","coordinates":[-49.4605137,-27.1017006]},"properties":{"name":"ADILSON DOS SANTOS FACCAO","address":"ESTRADA SUBIDA, 81, SUBIDA, Apiuna","country_code":"BR","os_id":"BR2021253RQNT56","country_name":"Brazil","has_approved_claim":false,"ppe_product_types":null,"ppe_contact_phone":null,"ppe_contact_email":null,"ppe_website":null,"is_closed":null}},{"id":"BD201926823C44V","type":"Feature","geometry":{"type":"Point","coordinates":[90.7318981,23.9846217]},"properties":{"name":"Adury Fashions and Print Ltd.","address":"Karardi, Kararchor, Shibpur,Dhaka Division,Narshingdi","country_code":"BD","os_id":"BD201926823C44V","country_name":"Bangladesh","has_approved_claim":false,"ppe_product_types":null,"ppe_contact_phone":null,"ppe_contact_email":null,"ppe_website":null,"is_closed":null}},{"id":"GB20191431WPT6G","type":"Feature","geometry":{"type":"Point","coordinates":[-1.87378,53.759196]},"properties":{"name":"Advanced Processing Limited","address":"Sidhill Business Park Holmfield Industrial Estate Holmfield Halifax HX2 9TN England United Kingdom","country_code":"GB","os_id":"GB20191431WPT6G","country_name":"United Kingdom","has_approved_claim":false,"ppe_product_types":null,"ppe_contact_phone":null,"ppe_contact_email":null,"ppe_website":null,"is_closed":null}},{"id":"BR2020034XSSSDM","type":"Feature","geometry":{"type":"Point","coordinates":[-53.4836801,-24.9500862]},"properties":{"name":"Advant Confeccoes Eireli","address":"Rua Humberto de Camposm 752,85807470,Cascavel","country_code":"BR","os_id":"BR2020034XSSSDM","country_name":"Brazil","has_approved_claim":false,"ppe_product_types":null,"ppe_contact_phone":null,"ppe_contact_email":null,"ppe_website":null,"is_closed":null}},{"id":"BR2019107KJNP4W","type":"Feature","geometry":{"type":"Point","coordinates":[-43.2052908,-22.5330645]},"properties":{"name":"Afife Industria E Comercio Ltda","address":"R.General Rondon, 25650020, Petropolis, Brazil","country_code":"BR","os_id":"BR2019107KJNP4W","country_name":"Brazil","has_approved_claim":false,"ppe_product_types":null,"ppe_contact_phone":null,"ppe_contact_email":null,"ppe_website":null,"is_closed":null}},{"id":"PT2021159QKS1EA","type":"Feature","geometry":{"type":"Point","coordinates":[-8.607665,41.5232616]},"properties":{"name":"A. Fiúza & Irmão","address":"Rua do Loteamento da Tomadia, S/N, Rio Côvo Santa Eugénia, 4755-461, Barcelos, Barcelos","country_code":"PT","os_id":"PT2021159QKS1EA","country_name":"Portugal","has_approved_claim":false,"ppe_product_types":null,"ppe_contact_phone":null,"ppe_contact_email":null,"ppe_website":null,"is_closed":null}},{"id":"TR20191194SZ7BB","type":"Feature","geometry":{"type":"Point","coordinates":[28.6987636,41.0087834]},"properties":{"name":"AFR Tekstil San. ve Dis Tic. Ltd. Sti.","address":"Saadetdere Mah. Dogan Arasli Cad. 107. Sokak No:2 Kat:1/A Esenyurt","country_code":"TR","os_id":"TR20191194SZ7BB","country_name":"Türkiye","has_approved_claim":false,"ppe_product_types":null,"ppe_contact_phone":null,"ppe_contact_email":null,"ppe_website":null,"is_closed":null}},{"id":"BR2021253MVNFPC","type":"Feature","geometry":{"type":"Point","coordinates":[-49.2130563,-28.661912]},"properties":{"name":"Agda Confecções Ltda. EPP","address":"Contorno Anel Viário, 767, Jussara, Morro da Fumaca","country_code":"BR","os_id":"BR2021253MVNFPC","country_name":"Brazil","has_approved_claim":false,"ppe_product_types":null,"ppe_contact_phone":null,"ppe_contact_email":null,"ppe_website":null,"is_closed":null}},{"id":"MA2021270XE6FQK","type":"Feature","geometry":{"type":"Point","coordinates":[-5.8855146,35.7034548]},"properties":{"name":"Ahritex","address":"Zone Industrielle Gzenaya Lot No 213, Tanger, Maroc","country_code":"MA","os_id":"MA2021270XE6FQK","country_name":"Morocco","has_approved_claim":false,"ppe_product_types":null,"ppe_contact_phone":null,"ppe_contact_email":null,"ppe_website":null,"is_closed":null}},{"id":"BR2019086Y0WNTQ","type":"Feature","geometry":{"type":"Point","coordinates":[-46.5502504,-23.5495464]},"properties":{"name":"Aifa Acabamento E Passadoria Ltda Me","address":"R. Nova Jerusalem, 836, 3410005, So Paulo, Brazil","country_code":"BR","os_id":"BR2019086Y0WNTQ","country_name":"Brazil","has_approved_claim":false,"ppe_product_types":null,"ppe_contact_phone":null,"ppe_contact_email":null,"ppe_website":null,"is_closed":null}},{"id":"VN2019083DV45DS","type":"Feature","geometry":{"type":"Point","coordinates":[106.1286901,20.9055392]},"properties":{"name":"Aim Fine Printing & Embroidery Co., Ltd.","address":"Ngoc Lam Village My Hao District Hung Yen","country_code":"VN","os_id":"VN2019083DV45DS","country_name":"Vietnam","has_approved_claim":false,"ppe_product_types":null,"ppe_contact_phone":null,"ppe_contact_email":null,"ppe_website":null,"is_closed":null}},{"id":"PK2020079FHNTA8","type":"Feature","geometry":{"type":"Point","coordinates":[74.347506,31.386637]},"properties":{"name":"Aims Hosiery","address":"22 Km Ferozpur Road, Rohi Nala, Lahore, Punjab, Pakistan","country_code":"PK","os_id":"PK2020079FHNTA8","country_name":"Pakistan","has_approved_claim":false,"ppe_product_types":null,"ppe_contact_phone":null,"ppe_contact_email":null,"ppe_website":null,"is_closed":null}}]