[{"id":"BD2019100H1CJ7A","type":"Feature","geometry":{"type":"Point","coordinates":[91.778437,22.296312]},"properties":{"name":"Universal Jeans Ltd.","address":"Plot 09-11, Sector 6/A, Chittagong Export Processing Zone, Chittagong","country_code":"BD","os_id":"BD2019100H1CJ7A","country_name":"Bangladesh","has_approved_claim":true,"ppe_product_types":null,"ppe_contact_phone":null,"ppe_contact_email":null,"ppe_website":null,"is_closed":null}},{"id":"TR2019086SRZB50","type":"Feature","geometry":{"type":"Point","coordinates":[29.1943475,40.9944785]},"properties":{"name":"UNLU TEKSTIL SAN TIC VE AS","address":"Emek Mah. Sivat Caddesi No:15 Sancaktepe","country_code":"TR","os_id":"TR2019086SRZB50","country_name":"Türkiye","has_approved_claim":true,"ppe_product_types":null,"ppe_contact_phone":null,"ppe_contact_email":null,"ppe_website":null,"is_closed":null}},{"id":"BD201908310PZF2","type":"Feature","geometry":{"type":"Point","coordinates":[90.385869,24.0258742]},"properties":{"name":"Utah Fashions Ltd","address":"South Shalna  Shalna Bazar  Gazipur Sadar  Gazipur","country_code":"BD","os_id":"BD201908310PZF2","country_name":"Bangladesh","has_approved_claim":false,"ppe_product_types":null,"ppe_contact_phone":null,"ppe_contact_email":null,"ppe_website":null,"is_closed":null}},{"id":"CN2019098VQ6M0T","type":"Feature","geometry":{"type":"Point","coordinates":[120.51556,31.86264]},"properties":{"name":"V.Fraas (Zhangjiagang) Textile Co., Ltd","address":"V.Fraas (Zhangjiagang) Textile Co., Ltd, No 212, Xitang Road, Yangshe Town, Zhangjiagang, Jiangsu","country_code":"CN","os_id":"CN2019098VQ6M0T","country_name":"China","has_approved_claim":false,"ppe_product_types":null,"ppe_contact_phone":null,"ppe_contact_email":null,"ppe_website":null,"is_closed":null}},{"id":"IN2019176GD347W","type":"Feature","geometry":{"type":"Point","coordinates":[77.3302042,11.0288546]},"properties":{"name":"Victus Dyeing","address":"53/2, Chetturai Thottam, Karaipudur Tirupur Tamil Nadu  641605","country_code":"IN","os_id":"IN2019176GD347W","country_name":"India","has_approved_claim":false,"ppe_product_types":null,"ppe_contact_phone":null,"ppe_contact_email":null,"ppe_website":null,"is_closed":null}},{"id":"VN2019087H1HB5J","type":"Feature","geometry":{"type":"Point","coordinates":[105.9722301,21.3313791]},"properties":{"name":"Viet Pan Pacific World Co., Ltd.","address":"DANH THUONG HAMLET, DANH THANG COMMUNE, HIEP HOA DISTRICT, BAC GIANG PROVINCE","country_code":"VN","os_id":"VN2019087H1HB5J","country_name":"Vietnam","has_approved_claim":false,"ppe_product_types":null,"ppe_contact_phone":null,"ppe_contact_email":null,"ppe_website":null,"is_closed":null}},{"id":"VN2020204G7076J","type":"Feature","geometry":{"type":"Point","coordinates":[108.830938,15.084437]},"properties":{"name":"VINATEX TU NGHIA GARMENT LIMITED COMPANY","address":"Lot A8, La Ha Industrial Zone La Ha Town, Tu Nghia District HO CHI MINH","country_code":"VN","os_id":"VN2020204G7076J","country_name":"Vietnam","has_approved_claim":false,"ppe_product_types":null,"ppe_contact_phone":null,"ppe_contact_email":null,"ppe_website":null,"is_closed":null}},{"id":"BD20192482TQ07T","type":"Feature","geometry":{"type":"Point","coordinates":[90.5219619,24.2345232]},"properties":{"name":"Vintage Denim Apparels Ltd.","address":"(3rd Floor), Ansar Road, Boherarchala, Sreepur, Gazipur-1740","country_code":"BD","os_id":"BD20192482TQ07T","country_name":"Bangladesh","has_approved_claim":false,"ppe_product_types":null,"ppe_contact_phone":null,"ppe_contact_email":null,"ppe_website":null,"is_closed":null}},{"id":"IN20210558WRC2G","type":"Feature","geometry":{"type":"Point","coordinates":[77.384803,28.627131]},"properties":{"name":"Vinty Impex","address":"H-136, Sector-63, 201301, Noida, Uttar Pradesh","country_code":"IN","os_id":"IN20210558WRC2G","country_name":"India","has_approved_claim":false,"ppe_product_types":null,"ppe_contact_phone":null,"ppe_contact_email":null,"ppe_website":null,"is_closed":null}},{"id":"CN2019083Y74X2G","type":"Feature","geometry":{"type":"Point","coordinates":[109.4143397,34.5056705]},"properties":{"name":"Wei Nan Hi Tech Ming Huang industrial co., ltd","address":"No 20, Shiquan Road, Hi Tech District, Wei Nan","country_code":"CN","os_id":"CN2019083Y74X2G","country_name":"China","has_approved_claim":false,"ppe_product_types":null,"ppe_contact_phone":null,"ppe_contact_email":null,"ppe_website":null,"is_closed":null}},{"id":"IN2022299W2Y4TB","type":"Feature","geometry":{"type":"Point","coordinates":[73.0042765,20.4742075]},"properties":{"name":"Welspun India Ltd,Vapi","address":"Survey 76,76/P1,78,79,80/P,80,80/1,81,82,85,86, 87/2,261/1,261/2,262,74 Village: Morai, Taluka: Pardi, District. Valsad Vapi 396191 Gujarat","country_code":"IN","os_id":"IN2022299W2Y4TB","country_name":"India","has_approved_claim":false,"ppe_product_types":null,"ppe_contact_phone":null,"ppe_contact_email":null,"ppe_website":null,"is_closed":null}},{"id":"CN2019108YRW41X","type":"Feature","geometry":{"type":"Point","coordinates":[120.588582,28.069508]},"properties":{"name":"Wenzhou Aishi Optics Industry Co Ltd","address":"No. 67 Yanjiang Industrial Area Wenzhou Zhejiang China","country_code":"CN","os_id":"CN2019108YRW41X","country_name":"China","has_approved_claim":false,"ppe_product_types":null,"ppe_contact_phone":null,"ppe_contact_email":null,"ppe_website":null,"is_closed":null}},{"id":"VN2019085PCJD1Z","type":"Feature","geometry":{"type":"Point","coordinates":[106.5024344,20.6985965]},"properties":{"name":"WESTFIELD VIETNAM CO LTD","address":"Lot Cn 07, Tan Lien Industrial Park, Vinh Bao Distrcit, Hai Phong City, 180000","country_code":"VN","os_id":"VN2019085PCJD1Z","country_name":"Vietnam","has_approved_claim":false,"ppe_product_types":null,"ppe_contact_phone":null,"ppe_contact_email":null,"ppe_website":null,"is_closed":null}},{"id":"VN20190977YK5XT","type":"Feature","geometry":{"type":"Point","coordinates":[106.6210686,10.9693783]},"properties":{"name":"Worldon (VIETNAM) CO., LTD","address":"Lot D1, Road D4, Dong Nam Industrial Park, Hoa Phu Commune, Cu Chi District, Ho Chi Minh City, Vietnam","country_code":"VN","os_id":"VN20190977YK5XT","country_name":"Vietnam","has_approved_claim":false,"ppe_product_types":null,"ppe_contact_phone":null,"ppe_contact_email":null,"ppe_website":null,"is_closed":null}},{"id":"CN2020079RRZP8J","type":"Feature","geometry":{"type":"Point","coordinates":[118.157607,24.655519]},"properties":{"name":"Xiamen Yangli Garment Co., Ltd.","address":"No. 152 Factory Tong'an Industrial Park, Tong'an District, Xiamen, Fujian, China","country_code":"CN","os_id":"CN2020079RRZP8J","country_name":"China","has_approved_claim":false,"ppe_product_types":null,"ppe_contact_phone":null,"ppe_contact_email":null,"ppe_website":null,"is_closed":null}},{"id":"CN2022179J2ZNN5","type":"Feature","geometry":{"type":"Point","coordinates":[120.0322955,29.289791]},"properties":{"name":"Yiwu Jiuxuan Crafts Co., Ltd (East Splendor Co.Ltd.)","address":"2nd floor, 3# Building, No 28 of Gaoxin Road, Yiwu City, Zhejiang Province","country_code":"CN","os_id":"CN2022179J2ZNN5","country_name":"China","has_approved_claim":false,"ppe_product_types":null,"ppe_contact_phone":null,"ppe_contact_email":null,"ppe_website":null,"is_closed":null}},{"id":"BD2019248NHN6PQ","type":"Feature","geometry":{"type":"Point","coordinates":[90.2963356,23.9717476]},"properties":{"name":"Young Socks Ltd.","address":"Sreepur Khan Colony Road, Ganakbari, Ashulia, Savar, Dhaka - 1349","country_code":"BD","os_id":"BD2019248NHN6PQ","country_name":"Bangladesh","has_approved_claim":false,"ppe_product_types":null,"ppe_contact_phone":null,"ppe_contact_email":null,"ppe_website":null,"is_closed":null}},{"id":"CN20190832BN49Q","type":"Feature","geometry":{"type":"Point","coordinates":[112.144119,22.946603]},"properties":{"name":"Yunfu Fuli Garment Limited","address":"No. 4, Xisan Road, Chucheng Industrial Zone, Yuncheng District,Yunfu City, Guangdong, 527300","country_code":"CN","os_id":"CN20190832BN49Q","country_name":"China","has_approved_claim":false,"ppe_product_types":null,"ppe_contact_phone":null,"ppe_contact_email":null,"ppe_website":null,"is_closed":null}},{"id":"CN2021188YE8XVK","type":"Feature","geometry":{"type":"Point","coordinates":[119.6174256,29.8459484]},"properties":{"name":"ZB ACCESSORIES (HANGZHOU)\nCO LTD .","address":"1088 Tongqian Road, Hengcun Town, Tonglu - 311512\nHangzhou (Zhejiang)","country_code":"CN","os_id":"CN2021188YE8XVK","country_name":"China","has_approved_claim":false,"ppe_product_types":null,"ppe_contact_phone":null,"ppe_contact_email":null,"ppe_website":null,"is_closed":null}},{"id":"CN20201918WAG0Y","type":"Feature","geometry":{"type":"Point","coordinates":[120.7078364,31.7939727]},"properties":{"name":"ZHANGJIAGANG  SHINEGO  HATS&APPAREL.CO.LTD","address":"No.435 ,Jincun Road ,Miaoqiao Street,Tangqiao Town,Zhangjiagang City, Zhangjiagang","country_code":"CN","os_id":"CN20201918WAG0Y","country_name":"China","has_approved_claim":false,"ppe_product_types":null,"ppe_contact_phone":null,"ppe_contact_email":null,"ppe_website":null,"is_closed":null}},{"id":"CN20203150F8ZZK","type":"Feature","geometry":{"type":"Point","coordinates":[121.4824289,29.795808]},"properties":{"name":"Zhejiang Bridge Group Co., Ltd","address":"No.500 Guangwen Road, Xinguang Village, Shiqi Town, 230000, Ningbo","country_code":"CN","os_id":"CN20203150F8ZZK","country_name":"China","has_approved_claim":false,"ppe_product_types":null,"ppe_contact_phone":null,"ppe_contact_email":null,"ppe_website":null,"is_closed":null}},{"id":"CN20191926KJ0J6","type":"Feature","geometry":{"type":"Point","coordinates":[118.465221,35.550217]},"properties":{"name":"zhejiang celebrity finery co., Ltd","address":"17th Caiyun Road ,Yinan industrial zone","country_code":"CN","os_id":"CN20191926KJ0J6","country_name":"China","has_approved_claim":false,"ppe_product_types":null,"ppe_contact_phone":null,"ppe_contact_email":null,"ppe_website":null,"is_closed":null}},{"id":"CN2019083JHFPN5","type":"Feature","geometry":{"type":"Point","coordinates":[119.9892735,30.5453084]},"properties":{"name":"Zhejiang Hengfeng Technology Co., Ltd.","address":"No. 68 North Yongping Road  Wukang Town  Deqing County HuZhou Zhejiang","country_code":"CN","os_id":"CN2019083JHFPN5","country_name":"China","has_approved_claim":false,"ppe_product_types":null,"ppe_contact_phone":null,"ppe_contact_email":null,"ppe_website":null,"is_closed":null}},{"id":"CN2019087FBJSXE","type":"Feature","geometry":{"type":"Point","coordinates":[121.006595,29.144064]},"properties":{"name":"Zhejiang Natural Travel Goods Co., Ltd","address":"Xiacao Village Pingqiao Town, Tiantai county, Taizhou, Zhejiang Province","country_code":"CN","os_id":"CN2019087FBJSXE","country_name":"China","has_approved_claim":false,"ppe_product_types":null,"ppe_contact_phone":null,"ppe_contact_email":null,"ppe_website":null,"is_closed":null}},{"id":"CN2022007215KF8","type":"Feature","geometry":{"type":"Point","coordinates":[121.362315,28.498966]},"properties":{"name":"Zhejiang Rongshi Enterprise Co., Ltd.","address":"Chayu Industrial Zone Zeguo Town, Wenling, Zhejiang Province","country_code":"CN","os_id":"CN2022007215KF8","country_name":"China","has_approved_claim":false,"ppe_product_types":null,"ppe_contact_phone":null,"ppe_contact_email":null,"ppe_website":null,"is_closed":null}},{"id":"CN20203259413R8","type":"Feature","geometry":{"type":"Point","coordinates":[120.3156345,29.8381345]},"properties":{"name":"Zhejiang Shengqi Clothes Co.","address":"Biyu Industrial Zone, jiangzao Town, Zhuji, Zhejiang311800","country_code":"CN","os_id":"CN20203259413R8","country_name":"China","has_approved_claim":false,"ppe_product_types":null,"ppe_contact_phone":null,"ppe_contact_email":null,"ppe_website":null,"is_closed":null}},{"id":"CN2019083K0F10B","type":"Feature","geometry":{"type":"Point","coordinates":[120.1368742,29.6794775]},"properties":{"name":"Zhejiang Yiheng Textile Technology Co., Ltd.","address":"Shuangjing Road, Chuntangxi Village, Caota Town, Zhuji Zhejiang 311812","country_code":"CN","os_id":"CN2019083K0F10B","country_name":"China","has_approved_claim":false,"ppe_product_types":null,"ppe_contact_phone":null,"ppe_contact_email":null,"ppe_website":null,"is_closed":null}},{"id":"IN2021305A8KB7V","type":"Feature","geometry":{"type":"Point","coordinates":[76.9842314,29.35757]},"properties":{"name":"Abhitex International","address":"Plot # 3, 4 47 & 48, Sector – 29, HUDA Part I, Panipat – 132103, Haryana","country_code":"IN","os_id":"IN2021305A8KB7V","country_name":"India","has_approved_claim":false,"ppe_product_types":null,"ppe_contact_phone":null,"ppe_contact_email":null,"ppe_website":null,"is_closed":null}},{"id":"BD2020021GK64XQ","type":"Feature","geometry":{"type":"Point","coordinates":[90.4986166,23.6449608]},"properties":{"name":"Abir Fashions","address":"Plot #44, Road #02, Kutubail, Fatullah, Narayanganj.  Narayanganj","country_code":"BD","os_id":"BD2020021GK64XQ","country_name":"Bangladesh","has_approved_claim":false,"ppe_product_types":null,"ppe_contact_phone":null,"ppe_contact_email":null,"ppe_website":null,"is_closed":null}},{"id":"PT2019087WWASZS","type":"Feature","geometry":{"type":"Point","coordinates":[-8.647808,41.517278]},"properties":{"name":"Acatel Acabamentos Texteis S.A.","address":"Rua do Barreiro, N 310 Gilmonde, Apartado 159 Barcelos Braga Portugal","country_code":"PT","os_id":"PT2019087WWASZS","country_name":"Portugal","has_approved_claim":false,"ppe_product_types":null,"ppe_contact_phone":null,"ppe_contact_email":null,"ppe_website":null,"is_closed":null}},{"id":"GT2019083TBFK70","type":"Feature","geometry":{"type":"Point","coordinates":[-90.551672,14.536585]},"properties":{"name":"Accesorios Globales S.A.","address":"2A Calle 1-11 Zona 8 San Miguel Petapa San Miguel Petapa Guatemala","country_code":"GT","os_id":"GT2019083TBFK70","country_name":"Guatemala","has_approved_claim":false,"ppe_product_types":null,"ppe_contact_phone":null,"ppe_contact_email":null,"ppe_website":null,"is_closed":null}},{"id":"BD20192489D2RH1","type":"Feature","geometry":{"type":"Point","coordinates":[90.3686566,23.7542924]},"properties":{"name":"Active Composite Mills Ltd.","address":"08/102/4 (Ground Floor), Dewan Idris Road, Block - D, Zirabo Pukurpar, Ashulia, Savar, Dhaka - 1341","country_code":"BD","os_id":"BD20192489D2RH1","country_name":"Bangladesh","has_approved_claim":false,"ppe_product_types":null,"ppe_contact_phone":null,"ppe_contact_email":null,"ppe_website":null,"is_closed":null}},{"id":"PK20202055NQMQ2","type":"Feature","geometry":{"type":"Point","coordinates":[67.0807149,24.9573261]},"properties":{"name":"Afroze Textile Industries (Pvt) Ltd","address":"LA-1/A. Rashid Minhas Road, Federal B Area Block 22, Shafiq Mill Colony, Karachi, Sindh","country_code":"PK","os_id":"PK20202055NQMQ2","country_name":"Pakistan","has_approved_claim":false,"ppe_product_types":null,"ppe_contact_phone":null,"ppe_contact_email":null,"ppe_website":null,"is_closed":null}},{"id":"BD2021305Q13JNN","type":"Feature","geometry":{"type":"Point","coordinates":[90.2760903,23.7927863]},"properties":{"name":"AKH Shirts Ltd.","address":"133-134 Hemayetpur Savar 1340","country_code":"BD","os_id":"BD2021305Q13JNN","country_name":"Bangladesh","has_approved_claim":false,"ppe_product_types":null,"ppe_contact_phone":null,"ppe_contact_email":null,"ppe_website":null,"is_closed":null}},{"id":"BD2019259MPR9YB","type":"Feature","geometry":{"type":"Point","coordinates":[90.1377983,23.8256926]},"properties":{"name":"AKIJ TEXTILE MILLS LIMITED","address":"GOLORA, CHARKHANDA, MANIKGANJ - MANIKGANJ - 1804 - MANIKGANJ","country_code":"BD","os_id":"BD2019259MPR9YB","country_name":"Bangladesh","has_approved_claim":false,"ppe_product_types":null,"ppe_contact_phone":null,"ppe_contact_email":null,"ppe_website":null,"is_closed":null}},{"id":"BD2019086T7ZK7T","type":"Feature","geometry":{"type":"Point","coordinates":[90.38059469999999,23.9772783]},"properties":{"name":"Alema Textiles Ltd.","address":"Vogra, Bashan Sarak, Gazipur","country_code":"BD","os_id":"BD2019086T7ZK7T","country_name":"Bangladesh","has_approved_claim":false,"ppe_product_types":null,"ppe_contact_phone":null,"ppe_contact_email":null,"ppe_website":null,"is_closed":null}},{"id":"BD20201264CHPBN","type":"Feature","geometry":{"type":"Point","coordinates":[90.24517379999999,24.0527889]},"properties":{"name":"Apex Fashion Wear Ltd","address":"B-50/3, Kalampur, Kaliakoir, Gazipur","country_code":"BD","os_id":"BD20201264CHPBN","country_name":"Bangladesh","has_approved_claim":false,"ppe_product_types":null,"ppe_contact_phone":null,"ppe_contact_email":null,"ppe_website":null,"is_closed":null}},{"id":"CN2020053ZRJFNA","type":"Feature","geometry":{"type":"Point","coordinates":[120.378858,30.300216]},"properties":{"name":"Apex textile Co., Ltd.","address":"No.175,Lin Hao Road,Hangzhou Economic & Technological Development Area, China Hangzhou Zhejiang","country_code":"CN","os_id":"CN2020053ZRJFNA","country_name":"China","has_approved_claim":false,"ppe_product_types":null,"ppe_contact_phone":null,"ppe_contact_email":null,"ppe_website":null,"is_closed":null}},{"id":"BD2021337ZA5V12","type":"Feature","geometry":{"type":"Point","coordinates":[90.2784385,24.0277358]},"properties":{"name":"Apex Textile Printing Mills","address":"Chandora, Post Shafipur, Thana, Kailakoir District, Gazipur, Dhaka, Kaliakoir","country_code":"BD","os_id":"BD2021337ZA5V12","country_name":"Bangladesh","has_approved_claim":false,"ppe_product_types":null,"ppe_contact_phone":null,"ppe_contact_email":null,"ppe_website":null,"is_closed":null}},{"id":"VN2019221HAGEJ0","type":"Feature","geometry":{"type":"Point","coordinates":[106.6557786,20.7909264]},"properties":{"name":"Aroma Bay Candles ltd","address":"Duong 355 Mac Dang Doanh Phuong Hung Dao Quan Duong Kinh Thanh pho Hai Phong Hai Phong City","country_code":"VN","os_id":"VN2019221HAGEJ0","country_name":"Vietnam","has_approved_claim":false,"ppe_product_types":null,"ppe_contact_phone":null,"ppe_contact_email":null,"ppe_website":null,"is_closed":null}},{"id":"BD2019083P38817","type":"Feature","geometry":{"type":"Point","coordinates":[90.2807868,23.8820139]},"properties":{"name":"Artistic Design Ltd","address":"232-233 Narasinghpur  Savar  DhakaAshulia","country_code":"BD","os_id":"BD2019083P38817","country_name":"Bangladesh","has_approved_claim":false,"ppe_product_types":null,"ppe_contact_phone":null,"ppe_contact_email":null,"ppe_website":null,"is_closed":null}},{"id":"PK201910056EPF6","type":"Feature","geometry":{"type":"Point","coordinates":[67.2119669,24.850844]},"properties":{"name":"Artistic Fabric & Garment Industires (Pvt) Ltd (AGI Denim)","address":"Plot 14 Survey 16 & 17, Deh Khando Tappo Landhi Bin Qasim Town, Karachi","country_code":"PK","os_id":"PK201910056EPF6","country_name":"Pakistan","has_approved_claim":false,"ppe_product_types":null,"ppe_contact_phone":null,"ppe_contact_email":null,"ppe_website":null,"is_closed":null}},{"id":"PK2019093AP2694","type":"Feature","geometry":{"type":"Point","coordinates":[67.1857249,24.853111]},"properties":{"name":"ARTISTIC FABRIC & GARMENT INDUSTRIES UNIT K-13","address":"Plot # 6, 7, Sector 21 74900  Karachi Sindh","country_code":"PK","os_id":"PK2019093AP2694","country_name":"Pakistan","has_approved_claim":false,"ppe_product_types":null,"ppe_contact_phone":null,"ppe_contact_email":null,"ppe_website":null,"is_closed":null}},{"id":"PK20191337Q4PAG","type":"Feature","geometry":{"type":"Point","coordinates":[67.1800404,24.8471602]},"properties":{"name":"Artistic Garment Industries (AGI Denim) (Pvt) Ltd. (Unit K-2)","address":"Plot No. 53,54,71,72 Sector 28, Korangi Industrial Area, 74900 Karachi","country_code":"PK","os_id":"PK20191337Q4PAG","country_name":"Pakistan","has_approved_claim":false,"ppe_product_types":null,"ppe_contact_phone":null,"ppe_contact_email":null,"ppe_website":null,"is_closed":null}},{"id":"IN2020330KQMGGZ","type":"Feature","geometry":{"type":"Point","coordinates":[77.5051419,12.9294803]},"properties":{"name":"Arvind Limited","address":"26/2, 27/2, Kenchenahalli Post, Kengri Hobli, Mysore Road, Bangalore, Karnataka","country_code":"IN","os_id":"IN2020330KQMGGZ","country_name":"India","has_approved_claim":false,"ppe_product_types":null,"ppe_contact_phone":null,"ppe_contact_email":null,"ppe_website":null,"is_closed":null}},{"id":"IN20192974AVN1M","type":"Feature","geometry":{"type":"Point","coordinates":[72.6109658,23.0385592]},"properties":{"name":"Arvind Ltd - Denim","address":"Naroda Road, Ahmedabad - 380025, India","country_code":"IN","os_id":"IN20192974AVN1M","country_name":"India","has_approved_claim":true,"ppe_product_types":null,"ppe_contact_phone":null,"ppe_contact_email":null,"ppe_website":null,"is_closed":null}},{"id":"EG2019085JQ27E5","type":"Feature","geometry":{"type":"Point","coordinates":[29.9835516,31.2423001]},"properties":{"name":"ASK CLOTHING COMPANY","address":"Amreya Free Zone, , Alexandria,","country_code":"EG","os_id":"EG2019085JQ27E5","country_name":"Egypt","has_approved_claim":false,"ppe_product_types":null,"ppe_contact_phone":null,"ppe_contact_email":null,"ppe_website":null,"is_closed":null}},{"id":"TR2020106QYQFV7","type":"Feature","geometry":{"type":"Point","coordinates":[28.6656759,40.9946506]},"properties":{"name":"ATEL  TEKSTIL  SAN  VE TIC.A.S.","address":"MERMERCILER SAN.SITESI 5.CD.NO:9 BEYLIKDUZU","country_code":"TR","os_id":"TR2020106QYQFV7","country_name":"Türkiye","has_approved_claim":false,"ppe_product_types":null,"ppe_contact_phone":null,"ppe_contact_email":null,"ppe_website":null,"is_closed":null}},{"id":"TR2020191P8MQNK","type":"Feature","geometry":{"type":"Point","coordinates":[28.554025,41.0268159]},"properties":{"name":"Barco Tekstil Pazarlama ve Ticaret Ltd.Sti.","address":"Murat Bey Mah. Karatoprak Cad. No:19 Buyukcekmece","country_code":"TR","os_id":"TR2020191P8MQNK","country_name":"Türkiye","has_approved_claim":false,"ppe_product_types":null,"ppe_contact_phone":null,"ppe_contact_email":null,"ppe_website":null,"is_closed":null}},{"id":"IN20190855JPZWR","type":"Feature","geometry":{"type":"Point","coordinates":[77.327375,28.588875]},"properties":{"name":"BASANT INDIA INC.","address":"A-9, Sector 63, Noida, Uttar Pradesh, 201301","country_code":"IN","os_id":"IN20190855JPZWR","country_name":"India","has_approved_claim":false,"ppe_product_types":null,"ppe_contact_phone":null,"ppe_contact_email":null,"ppe_website":null,"is_closed":null}}]