[{"id":"CN2021006GS24DR","type":"Feature","geometry":{"type":"Point","coordinates":[110.786344,35.1091369]},"properties":{"name":"SHANXI HUAJIN TEXTILE PRINTING & DYEING CO., LTD","address":"NO.1688 Huajin Street, Linyi County, Yuncheng","country_code":"CN","os_id":"CN2021006GS24DR","country_name":"China","has_approved_claim":false,"ppe_product_types":null,"ppe_contact_phone":null,"ppe_contact_email":null,"ppe_website":null,"is_closed":null}},{"id":"BD2019248HVYMPM","type":"Feature","geometry":{"type":"Point","coordinates":[90.3241266,23.9047026]},"properties":{"name":"Sharaf Apparels Ltd.","address":"Dhaka - Ashulia Road, Narashinghapur, Ashulia, Savar, Dhaka - 1341","country_code":"BD","os_id":"BD2019248HVYMPM","country_name":"Bangladesh","has_approved_claim":false,"ppe_product_types":null,"ppe_contact_phone":null,"ppe_contact_email":null,"ppe_website":null,"is_closed":null}},{"id":"CN201908382Q36J","type":"Feature","geometry":{"type":"Point","coordinates":[114.0776443,38.2792065]},"properties":{"name":"Shijiazhuang Huaying Glass Products","address":"Beiwanglou Village Huishe Town Pingshan County Shijiazhuang City Hebei Province    50401","country_code":"CN","os_id":"CN201908382Q36J","country_name":"China","has_approved_claim":false,"ppe_product_types":null,"ppe_contact_phone":null,"ppe_contact_email":null,"ppe_website":null,"is_closed":null}},{"id":"VN2022199E4ATSC","type":"Feature","geometry":{"type":"Point","coordinates":[106.4464766,10.9066982]},"properties":{"name":"Shillabags International Co Ltd","address":"Chanh Hamlet, Duc Lap Ha Ward, Long An, Vietnam","country_code":"VN","os_id":"VN2022199E4ATSC","country_name":"Vietnam","has_approved_claim":false,"ppe_product_types":null,"ppe_contact_phone":null,"ppe_contact_email":null,"ppe_website":null,"is_closed":null}},{"id":"BD2022075DJQ7XJ","type":"Feature","geometry":{"type":"Point","coordinates":[90.2854839,23.9236434]},"properties":{"name":"SHINE EMBROIDERY & PRINTING LTD","address":"198 GAZIR CHAT, MADDHAPARA, SAVAR 1349, DHAKA","country_code":"BD","os_id":"BD2022075DJQ7XJ","country_name":"Bangladesh","has_approved_claim":false,"ppe_product_types":null,"ppe_contact_phone":null,"ppe_contact_email":null,"ppe_website":null,"is_closed":null}},{"id":"CN20190865ZB420","type":"Feature","geometry":{"type":"Point","coordinates":[121.2706277,29.9816786]},"properties":{"name":"Shingrand Hats Manufacturer Co. Ltd.","address":"No. 13 Zhongxing Road, Zhejiang (East) Economic Development Zone (West), Yuyao, 315403, Yuyao, China","country_code":"CN","os_id":"CN20190865ZB420","country_name":"China","has_approved_claim":false,"ppe_product_types":null,"ppe_contact_phone":null,"ppe_contact_email":null,"ppe_website":null,"is_closed":null}},{"id":"BD2020009TXAN4D","type":"Feature","geometry":{"type":"Point","coordinates":[91.8685904,22.394481]},"properties":{"name":"Shirt Makers","address":"Kaptai Raster Matha Kalurghat Industrial Area Chandgaon Chittagong Bangladesh","country_code":"BD","os_id":"BD2020009TXAN4D","country_name":"Bangladesh","has_approved_claim":false,"ppe_product_types":null,"ppe_contact_phone":null,"ppe_contact_email":null,"ppe_website":null,"is_closed":null}},{"id":"CN2019083H2QTS5","type":"Feature","geometry":{"type":"Point","coordinates":[118.7687641,34.1145318]},"properties":{"name":"Shuyang Dingfeng Footwear Co., Ltd.","address":"Zhangji Industrial Zone, Shuyang County, Jiangsu, 223600 Suqian","country_code":"CN","os_id":"CN2019083H2QTS5","country_name":"China","has_approved_claim":false,"ppe_product_types":null,"ppe_contact_phone":null,"ppe_contact_email":null,"ppe_website":null,"is_closed":null}},{"id":"CN2020148V174MX","type":"Feature","geometry":{"type":"Point","coordinates":[118.804784,34.111022]},"properties":{"name":"Shuyang Olmar Shoes Co Ltd","address":"No 1 Olmar Road Shizi Industrial Zone Shuyang County Suqian Jiangsu Province","country_code":"CN","os_id":"CN2020148V174MX","country_name":"China","has_approved_claim":false,"ppe_product_types":null,"ppe_contact_phone":null,"ppe_contact_email":null,"ppe_website":null,"is_closed":null}},{"id":"IN20220639Z66NF","type":"Feature","geometry":{"type":"Point","coordinates":[77.5363908,13.2957137]},"properties":{"name":"Silver Spark Apparel Ltd","address":"No.56, Majara Hosahalli, Behind KIADB Industrial Estate,Veerapura Post, Doddaballapur, Bangalore - 561203, Karnataka-India, Banglalore, India","country_code":"IN","os_id":"IN20220639Z66NF","country_name":"India","has_approved_claim":false,"ppe_product_types":null,"ppe_contact_phone":null,"ppe_contact_email":null,"ppe_website":null,"is_closed":null}},{"id":"IN2019093XFB0BH","type":"Feature","geometry":{"type":"Point","coordinates":[76.857682,28.2070892]},"properties":{"name":"Simran International Export (India) Pvt Ltd.","address":"Plot#G1/697, Ricco Industrial Area, Pase II, Bhiwadi, Jaipur, Rajasthan Bhiwadi","country_code":"IN","os_id":"IN2019093XFB0BH","country_name":"India","has_approved_claim":false,"ppe_product_types":null,"ppe_contact_phone":null,"ppe_contact_email":null,"ppe_website":null,"is_closed":null}},{"id":"CN20193014XC7H6","type":"Feature","geometry":{"type":"Point","coordinates":[118.540045,24.741845]},"properties":{"name":"Sincetech (Fujian) Technology Co.,Ltd","address":"Wuli Economic Development Zone, Jinjiang, Quanzhou, Fujian, China","country_code":"CN","os_id":"CN20193014XC7H6","country_name":"China","has_approved_claim":false,"ppe_product_types":null,"ppe_contact_phone":null,"ppe_contact_email":null,"ppe_website":null,"is_closed":null}},{"id":"CN20200701QSKDD","type":"Feature","geometry":{"type":"Point","coordinates":[118.983171,30.633882]},"properties":{"name":"SINOPROUD (ANHUI) GARMENTS CO., LTD.","address":"No.83 west Antarctic Road, Ningguo Economic and Technological Development Zone, Anhui Province, China","country_code":"CN","os_id":"CN20200701QSKDD","country_name":"China","has_approved_claim":false,"ppe_product_types":null,"ppe_contact_phone":null,"ppe_contact_email":null,"ppe_website":null,"is_closed":null}},{"id":"LK2019083NNPQ16","type":"Feature","geometry":{"type":"Point","coordinates":[80.978982,8.150533]},"properties":{"name":"Sisalu Fashions Pvt Ltd","address":"Mandalagiriya Medirigiriya Srilanka 51500","country_code":"LK","os_id":"LK2019083NNPQ16","country_name":"Sri Lanka","has_approved_claim":false,"ppe_product_types":null,"ppe_contact_phone":null,"ppe_contact_email":null,"ppe_website":null,"is_closed":null}},{"id":"KH2019083JW33WT","type":"Feature","geometry":{"type":"Point","coordinates":[104.9505671,11.7521146]},"properties":{"name":"Sixplus Industry Co., Ltd.","address":"Phum Kandal Khum Prek Anhchanh Mockompoul District Mockompoul Kandal","country_code":"KH","os_id":"KH2019083JW33WT","country_name":"Cambodia","has_approved_claim":false,"ppe_product_types":null,"ppe_contact_phone":null,"ppe_contact_email":null,"ppe_website":null,"is_closed":null}},{"id":"VN2019268AY1MEB","type":"Feature","geometry":{"type":"Point","coordinates":[106.5658111,10.8761015]},"properties":{"name":"SMART ELEGANT INTERNATIONAL VIETNAM LTD","address":"777 Duong Cong Khi Street, Xuan Thoi Son Commune, Hoc Mon district, Ho Chi Minh city","country_code":"VN","os_id":"VN2019268AY1MEB","country_name":"Vietnam","has_approved_claim":false,"ppe_product_types":null,"ppe_contact_phone":null,"ppe_contact_email":null,"ppe_website":null,"is_closed":null}},{"id":"CN2021252FGAAP8","type":"Feature","geometry":{"type":"Point","coordinates":[121.087675,30.8587585]},"properties":{"name":"Sml Shanghai","address":"No68 Jianding Road Fengjing Town Jinshang Distric Shanghai City","country_code":"CN","os_id":"CN2021252FGAAP8","country_name":"China","has_approved_claim":false,"ppe_product_types":null,"ppe_contact_phone":null,"ppe_contact_email":null,"ppe_website":null,"is_closed":null}},{"id":"TR2021210APRCH3","type":"Feature","geometry":{"type":"Point","coordinates":[28.6837711,41.0115678]},"properties":{"name":"SML Tekstil San ve Dis Tic Ltd Sti","address":"Zafer Mahallesi, 148. Sk. No 16 Esenyurt Istanbul 34513","country_code":"TR","os_id":"TR2021210APRCH3","country_name":"Türkiye","has_approved_claim":false,"ppe_product_types":null,"ppe_contact_phone":null,"ppe_contact_email":null,"ppe_website":null,"is_closed":null}},{"id":"BD2019248YAJHBP","type":"Feature","geometry":{"type":"Point","coordinates":[90.382937,23.997438]},"properties":{"name":"Smug Sweater Ltd.","address":"Talepara, Chandona, Gazipur-1702. - Gazipur","country_code":"BD","os_id":"BD2019248YAJHBP","country_name":"Bangladesh","has_approved_claim":false,"ppe_product_types":null,"ppe_contact_phone":null,"ppe_contact_email":null,"ppe_website":null,"is_closed":null}},{"id":"IN2020106YWTDSW","type":"Feature","geometry":{"type":"Point","coordinates":[77.1053673,11.0503521]},"properties":{"name":"SNQS INTERNATIONAL SOCKS  PRIVATE  LT","address":"MG PUDUR POST COIMBATORE 641406","country_code":"IN","os_id":"IN2020106YWTDSW","country_name":"India","has_approved_claim":false,"ppe_product_types":null,"ppe_contact_phone":null,"ppe_contact_email":null,"ppe_website":null,"is_closed":null}},{"id":"BD2020021VFSMW0","type":"Feature","geometry":{"type":"Point","coordinates":[90.6745215,23.8593867]},"properties":{"name":"Sonali Fabrics & Textile Mills (Pvt.) Ltd. (Sweater Unit)","address":"Choto Godairchar, Madhabdi, Narsingdi 1604","country_code":"BD","os_id":"BD2020021VFSMW0","country_name":"Bangladesh","has_approved_claim":false,"ppe_product_types":null,"ppe_contact_phone":null,"ppe_contact_email":null,"ppe_website":null,"is_closed":null}},{"id":"VN2019085GRGDVX","type":"Feature","geometry":{"type":"Point","coordinates":[106.3581527,20.2993311]},"properties":{"name":"Song Hong Garment Joint Stock Company (Factory 7,8,9,10)","address":"Truong Chinh St, Xuan Truong District Nam Binh","country_code":"VN","os_id":"VN2019085GRGDVX","country_name":"Vietnam","has_approved_claim":false,"ppe_product_types":null,"ppe_contact_phone":null,"ppe_contact_email":null,"ppe_website":null,"is_closed":null}},{"id":"BR2021055W18MEA","type":"Feature","geometry":{"type":"Point","coordinates":[-45.548792,-21.6098655]},"properties":{"name":"Souza & Cambos Confecções Ltda","address":"Rua Pontal, 231, 03711-000, Elói Mendes","country_code":"BR","os_id":"BR2021055W18MEA","country_name":"Brazil","has_approved_claim":false,"ppe_product_types":null,"ppe_contact_phone":null,"ppe_contact_email":null,"ppe_website":null,"is_closed":null}},{"id":"TR2019259KNRAKZ","type":"Feature","geometry":{"type":"Point","coordinates":[28.956541,40.236528]},"properties":{"name":"SOZDEMIR TEKSTIL BOYA APRE SAN TIC AS","address":"ORGANIZE SAN BOLGESI PEMBE CAD NO 8 NILUFER - BURSA - 16140 - NILUFER","country_code":"TR","os_id":"TR2019259KNRAKZ","country_name":"Türkiye","has_approved_claim":false,"ppe_product_types":null,"ppe_contact_phone":null,"ppe_contact_email":null,"ppe_website":null,"is_closed":null}},{"id":"BR2019086JWK1CW","type":"Feature","geometry":{"type":"Point","coordinates":[-46.6399136,-23.6199702]},"properties":{"name":"Space One Industria E Comercio Deconfeccoes Ltda","address":"Av Jabaquara, 1784, São Paulo, 4046300","country_code":"BR","os_id":"BR2019086JWK1CW","country_name":"Brazil","has_approved_claim":false,"ppe_product_types":null,"ppe_contact_phone":null,"ppe_contact_email":null,"ppe_website":null,"is_closed":null}},{"id":"CA2019098GF4ZQT","type":"Feature","geometry":{"type":"Point","coordinates":[-72.7759802,45.3743882]},"properties":{"name":"S&P Apparel Inc","address":"1237 Industrial Boulevard,Granby,Quebec,Canada","country_code":"CA","os_id":"CA2019098GF4ZQT","country_name":"Canada","has_approved_claim":false,"ppe_product_types":null,"ppe_contact_phone":null,"ppe_contact_email":null,"ppe_website":null,"is_closed":null}},{"id":"IN2020148HKE4VS","type":"Feature","geometry":{"type":"Point","coordinates":[77.37925840000001,11.1023921]},"properties":{"name":"Spring Inc Unit 1","address":"SF No 582,583 Nalli Gounder Nagar Nallur, Vijayapuram (PO) Kangayam Road Tirupur 641606","country_code":"IN","os_id":"IN2020148HKE4VS","country_name":"India","has_approved_claim":false,"ppe_product_types":null,"ppe_contact_phone":null,"ppe_contact_email":null,"ppe_website":null,"is_closed":null}},{"id":"BD2021333KCWDRM","type":"Feature","geometry":{"type":"Point","coordinates":[90.3611085,24.3756913]},"properties":{"name":"Square Apparels Ltd.","address":"1st Floor, Mallikbari Road, Mamarishpur, Mallik Bari, Bhaluka, Mymensingh-2240","country_code":"BD","os_id":"BD2021333KCWDRM","country_name":"Bangladesh","has_approved_claim":false,"ppe_product_types":null,"ppe_contact_phone":null,"ppe_contact_email":null,"ppe_website":null,"is_closed":null}},{"id":"IN20200098GRXH2","type":"Feature","geometry":{"type":"Point","coordinates":[77.02766,28.4388158]},"properties":{"name":"Stalwart Homestyles","address":"No D11 12 Info City Phase II Sector 33 Gurgaon 122001 India","country_code":"IN","os_id":"IN20200098GRXH2","country_name":"India","has_approved_claim":false,"ppe_product_types":null,"ppe_contact_phone":null,"ppe_contact_email":null,"ppe_website":null,"is_closed":null}},{"id":"VN201908364RV80","type":"Feature","geometry":{"type":"Point","coordinates":[105.656734,20.9303568]},"properties":{"name":"Star Fashion Co., Ltd.","address":"Lot Cn-B4 Phu Nghia Industrial Park  Phu Nghia Commune  Chuong My District Hanoi Thu Do Ha Noi","country_code":"VN","os_id":"VN201908364RV80","country_name":"Vietnam","has_approved_claim":false,"ppe_product_types":null,"ppe_contact_phone":null,"ppe_contact_email":null,"ppe_website":null,"is_closed":null}},{"id":"BR2020191S07Y56","type":"Feature","geometry":{"type":"Point","coordinates":[-52.9813878,-26.8502175]},"properties":{"name":"STARKFEST INDUSTRIA DO VESTUÁRIO LDTA","address":"RUA ARACAJU - N° 133, PINHALZINHO","country_code":"BR","os_id":"BR2020191S07Y56","country_name":"Brazil","has_approved_claim":false,"ppe_product_types":null,"ppe_contact_phone":null,"ppe_contact_email":null,"ppe_website":null,"is_closed":null}},{"id":"BD2019083FMD3G0","type":"Feature","geometry":{"type":"Point","coordinates":[90.4125181,23.810332]},"properties":{"name":"Sterling Laundry Ltd.","address":"Dhania, Nayer Hat, Nobinagar 1349 Savar Dhaka Dhaka","country_code":"BD","os_id":"BD2019083FMD3G0","country_name":"Bangladesh","has_approved_claim":false,"ppe_product_types":null,"ppe_contact_phone":null,"ppe_contact_email":null,"ppe_website":null,"is_closed":null}},{"id":"BR2021055KCFXR6","type":"Feature","geometry":{"type":"Point","coordinates":[-38.5164421,-3.7919435]},"properties":{"name":"St Facções Ltda.","address":"Rua Joana Moreira, 281, 60860780, Fortaleza","country_code":"BR","os_id":"BR2021055KCFXR6","country_name":"Brazil","has_approved_claim":false,"ppe_product_types":null,"ppe_contact_phone":null,"ppe_contact_email":null,"ppe_website":null,"is_closed":null}},{"id":"CN2023003QXXPQS","type":"Feature","geometry":{"type":"Point","coordinates":[113.3226503,22.4166369]},"properties":{"name":"Stretchline (Zhongshan) Limited","address":"Industrial Park, Banfu Town, Zhongshan City, Guangdong Province 528459","country_code":"CN","os_id":"CN2023003QXXPQS","country_name":"China","has_approved_claim":false,"ppe_product_types":null,"ppe_contact_phone":null,"ppe_contact_email":null,"ppe_website":null,"is_closed":null}},{"id":"BD2019083HSAR1A","type":"Feature","geometry":{"type":"Point","coordinates":[90.3814017,23.9901217]},"properties":{"name":"Stylecraft Ltd","address":"No 11 East Chandona Joydebpur Gazipur Dhaka","country_code":"BD","os_id":"BD2019083HSAR1A","country_name":"Bangladesh","has_approved_claim":false,"ppe_product_types":null,"ppe_contact_phone":null,"ppe_contact_email":null,"ppe_website":null,"is_closed":null}},{"id":"BR2019086WCZHGP","type":"Feature","geometry":{"type":"Point","coordinates":[-46.63330939999999,-23.5505199]},"properties":{"name":"Suburban Ind. E Com. De Roupas Ltda","address":"R.Do Hipodromo, 331, 30510-00, So Paulo, Brazil","country_code":"BR","os_id":"BR2019086WCZHGP","country_name":"Brazil","has_approved_claim":false,"ppe_product_types":null,"ppe_contact_phone":null,"ppe_contact_email":null,"ppe_website":null,"is_closed":null}},{"id":"BR2019086KFHTYS","type":"Feature","geometry":{"type":"Point","coordinates":[-49.15350859999999,-26.8561408]},"properties":{"name":"Sued Textil Ltda","address":"R.WerneR.Duwe, 88354026, Blumenau, Brazil","country_code":"BR","os_id":"BR2019086KFHTYS","country_name":"Brazil","has_approved_claim":false,"ppe_product_types":null,"ppe_contact_phone":null,"ppe_contact_email":null,"ppe_website":null,"is_closed":null}},{"id":"TW2019266VFK2W0","type":"Feature","geometry":{"type":"Point","coordinates":[120.3593256,23.508589]},"properties":{"name":"Summitex Enterprise Co., Ltd","address":"No. 11, Zhongxing Rd.Jiatai Industrial ParkGuogou, Chiayi County, Taibao City","country_code":"TW","os_id":"TW2019266VFK2W0","country_name":"Taiwan","has_approved_claim":false,"ppe_product_types":null,"ppe_contact_phone":null,"ppe_contact_email":null,"ppe_website":null,"is_closed":null}},{"id":"VN2019098HX5VYD","type":"Feature","geometry":{"type":"Point","coordinates":[106.752693,10.8947296]},"properties":{"name":"Sun Duck Vina Co., Ltd.","address":"Road No.12,Song Than 2 Industrial Park,Di An Town,Thu Dau Mot,Binh Duong,Vietnam","country_code":"VN","os_id":"VN2019098HX5VYD","country_name":"Vietnam","has_approved_claim":false,"ppe_product_types":null,"ppe_contact_phone":null,"ppe_contact_email":null,"ppe_website":null,"is_closed":null}},{"id":"BD2020021JG11P7","type":"Feature","geometry":{"type":"Point","coordinates":[91.7831819,22.356851]},"properties":{"name":"Sun Fashion Wear Ltd.","address":"Allai Ward No: 01, Patiya 4370 Chittagong","country_code":"BD","os_id":"BD2020021JG11P7","country_name":"Bangladesh","has_approved_claim":false,"ppe_product_types":null,"ppe_contact_phone":null,"ppe_contact_email":null,"ppe_website":null,"is_closed":null}},{"id":"CN2019083W875RG","type":"Feature","geometry":{"type":"Point","coordinates":[113.8909728,22.5769942]},"properties":{"name":"Sun Hing Textiles (Shenzhen) Ltd","address":"Shu Tian Pu Village, Gong Ming Road, Guang Ming Xin Qu, Shen Zhen City, Guang Dong Province, China","country_code":"CN","os_id":"CN2019083W875RG","country_name":"China","has_approved_claim":false,"ppe_product_types":null,"ppe_contact_phone":null,"ppe_contact_email":null,"ppe_website":null,"is_closed":null}},{"id":"IN2019083J5XK8X","type":"Feature","geometry":{"type":"Point","coordinates":[76.9492428,29.35533]},"properties":{"name":"Sunny International","address":"10 KM Stone, Village- Naultha, Gohana Road  132103 Panipat Panipat Haryana","country_code":"IN","os_id":"IN2019083J5XK8X","country_name":"India","has_approved_claim":false,"ppe_product_types":null,"ppe_contact_phone":null,"ppe_contact_email":null,"ppe_website":null,"is_closed":null}},{"id":"TW202135523P4NH","type":"Feature","geometry":{"type":"Point","coordinates":[121.1772761,25.0698685]},"properties":{"name":"Sunny Special Dyeing & Finishing Co., Ltd.","address":"No. 21, Dagong Rd., Dayuan Dist., Taoyuan City, Taiwan","country_code":"TW","os_id":"TW202135523P4NH","country_name":"Taiwan","has_approved_claim":false,"ppe_product_types":null,"ppe_contact_phone":null,"ppe_contact_email":null,"ppe_website":null,"is_closed":null}},{"id":"TR2022285KTWVMK","type":"Feature","geometry":{"type":"Point","coordinates":[28.8188948,41.0518715]},"properties":{"name":"SUN-SET EMPRIME TEKSTIL SAN. VE DIS TIC. LTD. STI.","address":"Mahmutbey Neighborhood 2509. Street No: 3 Bagcilar, 34218, ISTANBUL","country_code":"TR","os_id":"TR2022285KTWVMK","country_name":"Türkiye","has_approved_claim":false,"ppe_product_types":null,"ppe_contact_phone":null,"ppe_contact_email":null,"ppe_website":null,"is_closed":null}},{"id":"IN20190832HJWAS","type":"Feature","geometry":{"type":"Point","coordinates":[80.4878195,26.5393449]},"properties":{"name":"Superhouse Footwear Leathers Ltd","address":"D-15B Industrial Area Phase Ll Unnao 209801 Uttar Pradesh","country_code":"IN","os_id":"IN20190832HJWAS","country_name":"India","has_approved_claim":false,"ppe_product_types":null,"ppe_contact_phone":null,"ppe_contact_email":null,"ppe_website":null,"is_closed":null}},{"id":"CO2019085Q6MCCM","type":"Feature","geometry":{"type":"Point","coordinates":[-76.5154018,3.5045016]},"properties":{"name":"Supertex - S.A.","address":"Carrera 35 No-10-707 Acopi Zona Industrial, Acopi Yumbo Yumbo Valle del Cauca","country_code":"CO","os_id":"CO2019085Q6MCCM","country_name":"Colombia","has_approved_claim":false,"ppe_product_types":null,"ppe_contact_phone":null,"ppe_contact_email":null,"ppe_website":null,"is_closed":null}},{"id":"BD20192488348RF","type":"Feature","geometry":{"type":"Point","coordinates":[90.3870857,23.9336918]},"properties":{"name":"Supreme Stitch Ltd.","address":"Plot 358, Sarker Market Road, West Shoil Dhobi, Kashimpur, Gazipur-1346","country_code":"BD","os_id":"BD20192488348RF","country_name":"Bangladesh","has_approved_claim":false,"ppe_product_types":null,"ppe_contact_phone":null,"ppe_contact_email":null,"ppe_website":null,"is_closed":null}},{"id":"CN2020053KYG5WZ","type":"Feature","geometry":{"type":"Point","coordinates":[120.4875727,30.8006377]},"properties":{"name":"SUZHOU MINGDE TEXTILE CO.,LTD","address":"Tongluo Community Cyclic Economy Test Zone,Taoyuan Town,Wujiang District,Suzhou,Jiangsu,China. Suzhou Jiangsu","country_code":"CN","os_id":"CN2020053KYG5WZ","country_name":"China","has_approved_claim":false,"ppe_product_types":null,"ppe_contact_phone":null,"ppe_contact_email":null,"ppe_website":null,"is_closed":null}},{"id":"CN20191009ZTH2K","type":"Feature","geometry":{"type":"Point","coordinates":[120.5143977,31.2272435]},"properties":{"name":"Suzhou S&C Fast Fashion Garments Co Ltd","address":"No 63, ShiJin Road, Xukou Town, Suzhou, Jiangsu","country_code":"CN","os_id":"CN20191009ZTH2K","country_name":"China","has_approved_claim":false,"ppe_product_types":null,"ppe_contact_phone":null,"ppe_contact_email":null,"ppe_website":null,"is_closed":null}},{"id":"CN2020191WFQWZX","type":"Feature","geometry":{"type":"Point","coordinates":[120.66158,31.31104]},"properties":{"name":"Suzhou Unitedtex Enterprise Limited","address":"No. 28 Xingming Street, Industrial Park, Suzhou, JiangSu, China,","country_code":"CN","os_id":"CN2020191WFQWZX","country_name":"China","has_approved_claim":false,"ppe_product_types":null,"ppe_contact_phone":null,"ppe_contact_email":null,"ppe_website":null,"is_closed":null}}]