[{"id":"BD2019083Z1QP5F","type":"Feature","geometry":{"type":"Point","coordinates":[90.4131072,23.8928706]},"properties":{"name":"Tivoli Apparels Ltd","address":"Plot - A- 102 Tongi Bscic Industrial Estate Tongi Gazipur","country_code":"BD","os_id":"BD2019083Z1QP5F","country_name":"Bangladesh","has_approved_claim":false,"ppe_product_types":null,"ppe_contact_phone":null,"ppe_contact_email":null,"ppe_website":null,"is_closed":null}},{"id":"VN2022296PYKQTK","type":"Feature","geometry":{"type":"Point","coordinates":[105.7975423,21.6150065]},"properties":{"name":"TNG Investment & Trading JSC - Dai Tu Branch","address":"Thang Loi Ward, Tien Hoi Commune, Dai Tu District, 250000, Thai Nguyen, Thai Nguyen 250000","country_code":"VN","os_id":"VN2022296PYKQTK","country_name":"Vietnam","has_approved_claim":false,"ppe_product_types":null,"ppe_contact_phone":null,"ppe_contact_email":null,"ppe_website":null,"is_closed":null}},{"id":"CN20232208R2PZK","type":"Feature","geometry":{"type":"Point","coordinates":[119.61412,29.86058]},"properties":{"name":"Tonglu Jinli Knitting Co., Ltd.","address":"Fangbu Industrial Zone, Hengcun TownTonglu County, Hangzhou, Zhejiang,","country_code":"CN","os_id":"CN20232208R2PZK","country_name":"China","has_approved_claim":false,"ppe_product_types":null,"ppe_contact_phone":null,"ppe_contact_email":null,"ppe_website":null,"is_closed":null}},{"id":"CN2019221Y1JEWX","type":"Feature","geometry":{"type":"Point","coordinates":[119.691434,29.793535]},"properties":{"name":"TongluKairui Knitting Co. Ltd.","address":"No. 189, XihuanRoad, HengcunTown, Tonglu, Hangzhou, Zhejiang Province","country_code":"CN","os_id":"CN2019221Y1JEWX","country_name":"China","has_approved_claim":false,"ppe_product_types":null,"ppe_contact_phone":null,"ppe_contact_email":null,"ppe_website":null,"is_closed":null}},{"id":"CN2019107DM3S68","type":"Feature","geometry":{"type":"Point","coordinates":[119.623294,29.849367]},"properties":{"name":"Tonglu Linghui Knitting","address":"No.1, Baishui Road, Hengcun Town, Tonglu County Hangzhou 311500 Zhejiang","country_code":"CN","os_id":"CN2019107DM3S68","country_name":"China","has_approved_claim":false,"ppe_product_types":null,"ppe_contact_phone":null,"ppe_contact_email":null,"ppe_website":null,"is_closed":null}},{"id":"CN2020148Y038BP","type":"Feature","geometry":{"type":"Point","coordinates":[119.718552,29.809457]},"properties":{"name":"Tonglu Xinjia Apparel & Accessories Co L","address":"No 4 Building No. 321, East Baiyunyuan Road, XIAYANGZHOU, Tonglu Economic Development Zone, Tonglu County, Hangzhou City, Zhejiang Province","country_code":"CN","os_id":"CN2020148Y038BP","country_name":"China","has_approved_claim":false,"ppe_product_types":null,"ppe_contact_phone":null,"ppe_contact_email":null,"ppe_website":null,"is_closed":null}},{"id":"CN2019091YZY79J","type":"Feature","geometry":{"type":"Point","coordinates":[120.570526,30.5984285]},"properties":{"name":"TongXiang ZhongXiang Textiles Co. Ltd.","address":"No. 233 Fengxiang Road Tongxiang 314400","country_code":"CN","os_id":"CN2019091YZY79J","country_name":"China","has_approved_claim":false,"ppe_product_types":null,"ppe_contact_phone":null,"ppe_contact_email":null,"ppe_website":null,"is_closed":null}},{"id":"CN2020218HT60F0","type":"Feature","geometry":{"type":"Point","coordinates":[118.675554,24.615397]},"properties":{"name":"Tongyi (Quanzhou)Linght Industry Co., Ltd.","address":"9 area, Donghaian Development Zone, Shenhu Town, Fujian, Jinjiang,","country_code":"CN","os_id":"CN2020218HT60F0","country_name":"China","has_approved_claim":false,"ppe_product_types":null,"ppe_contact_phone":null,"ppe_contact_email":null,"ppe_website":null,"is_closed":null}},{"id":"CN2019083EKPDGW","type":"Feature","geometry":{"type":"Point","coordinates":[120.934136,31.910149]},"properties":{"name":"Toray Sakai Weaving&Dyeing Co., Ltd","address":"No.301, Rui Xing Road, Nantong Economic & Technological Development Zone, Nantong, Jiangsu, China","country_code":"CN","os_id":"CN2019083EKPDGW","country_name":"China","has_approved_claim":false,"ppe_product_types":null,"ppe_contact_phone":null,"ppe_contact_email":null,"ppe_website":null,"is_closed":null}},{"id":"BD2019248Y5WFBS","type":"Feature","geometry":{"type":"Point","coordinates":[90.3308913,23.8971008]},"properties":{"name":"Torque Fashions Ltd.","address":"Paragram, Ashulia Bazar, Ashulia, Savar, Dhaka - 1341","country_code":"BD","os_id":"BD2019248Y5WFBS","country_name":"Bangladesh","has_approved_claim":false,"ppe_product_types":null,"ppe_contact_phone":null,"ppe_contact_email":null,"ppe_website":null,"is_closed":null}},{"id":"KH2019098D7C6VH","type":"Feature","geometry":{"type":"Point","coordinates":[104.87757,11.5594594]},"properties":{"name":"Trax Apparel (Cambodia) Co., Ltd","address":"PHUM CHONG THNAL KHANG KERT,SANGKAT  TEUK  THLA,KHAN SEN SOK,Phnom Penh,Phnom Penh,Cambodia","country_code":"KH","os_id":"KH2019098D7C6VH","country_name":"Cambodia","has_approved_claim":false,"ppe_product_types":null,"ppe_contact_phone":null,"ppe_contact_email":null,"ppe_website":null,"is_closed":null}},{"id":"LK2019083Z9C2HN","type":"Feature","geometry":{"type":"Point","coordinates":[80.0519444,7.6319444]},"properties":{"name":"Trendywear Adhikarigama (Pvt) Ltd","address":"Korakahawatta Makulwewa Wellawa Northern Province Kurunegala District","country_code":"LK","os_id":"LK2019083Z9C2HN","country_name":"Sri Lanka","has_approved_claim":false,"ppe_product_types":null,"ppe_contact_phone":null,"ppe_contact_email":null,"ppe_website":null,"is_closed":null}},{"id":"IN202023000BPCD","type":"Feature","geometry":{"type":"Point","coordinates":[77.6681163,22.7631341]},"properties":{"name":"Trident Ltd - Budhni Plant - TS51","address":"Hoshangabad Road Budhni District - Sehore Madhya Pradesh - 466445","country_code":"IN","os_id":"IN202023000BPCD","country_name":"India","has_approved_claim":false,"ppe_product_types":null,"ppe_contact_phone":null,"ppe_contact_email":null,"ppe_website":null,"is_closed":null}},{"id":"BD2019083HJK5H9","type":"Feature","geometry":{"type":"Point","coordinates":[90.3676757,23.9353232]},"properties":{"name":"TRZ Garments Industry Ltd","address":"Gacha Road, Gacha, Gazipur Sadar, Gazipur 1704, Dhaka","country_code":"BD","os_id":"BD2019083HJK5H9","country_name":"Bangladesh","has_approved_claim":false,"ppe_product_types":null,"ppe_contact_phone":null,"ppe_contact_email":null,"ppe_website":null,"is_closed":null}},{"id":"BD2019248M984T3","type":"Feature","geometry":{"type":"Point","coordinates":[90.3652635,23.8060365]},"properties":{"name":"Tunic Apparels Ltd.","address":"Plot - M 4/3 (1st Floor), Road - 7, Section - 7, Mirpur Industrial Area, Dhaka - 1216","country_code":"BD","os_id":"BD2019248M984T3","country_name":"Bangladesh","has_approved_claim":false,"ppe_product_types":null,"ppe_contact_phone":null,"ppe_contact_email":null,"ppe_website":null,"is_closed":true}},{"id":"BD201917601CD2W","type":"Feature","geometry":{"type":"Point","coordinates":[90.4202724,23.9999405]},"properties":{"name":"Tusuka Denim Ltd","address":"Konabari, Neelnagar, Joydebpur Gazipur Dhaka  1346","country_code":"BD","os_id":"BD201917601CD2W","country_name":"Bangladesh","has_approved_claim":false,"ppe_product_types":null,"ppe_contact_phone":null,"ppe_contact_email":null,"ppe_website":null,"is_closed":null}},{"id":"MM20190837T3PQ2","type":"Feature","geometry":{"type":"Point","coordinates":[96.064447,16.9187958]},"properties":{"name":"Twinkle Light Fashion Company Limited","address":"Plot No.182-5, Block No.25, corner of Than Chet Wun U Nyunt Street and Bamaw Atwin Wun Street, Shwe Lin Ban Industrial Zone, Hlaingtharya Township, Yangon Region, Myanmar","country_code":"MM","os_id":"MM20190837T3PQ2","country_name":"Myanmar","has_approved_claim":false,"ppe_product_types":null,"ppe_contact_phone":null,"ppe_contact_email":null,"ppe_website":null,"is_closed":null}},{"id":"KH2022299K6TV94","type":"Feature","geometry":{"type":"Point","coordinates":[105.1258955,11.2237383]},"properties":{"name":"TY Fashion (Cambodia) PLC","address":"National Road No. 51, Sras Po Village, Phsar Dek Commune, Porn Nhearloeu District, Kandal Province, Cambodia., Porn Nhearloeu, Kandal 08109","country_code":"KH","os_id":"KH2022299K6TV94","country_name":"Cambodia","has_approved_claim":false,"ppe_product_types":null,"ppe_contact_phone":null,"ppe_contact_email":null,"ppe_website":null,"is_closed":null}},{"id":"CN2019083S3BK57","type":"Feature","geometry":{"type":"Point","coordinates":[114.6869914,23.6763015]},"properties":{"name":"Tzeng Shyng Industries (He Yuan) Co Ltd","address":"Li Wang Road Pearl Industry Park  He Yuan  City Guang Dong","country_code":"CN","os_id":"CN2019083S3BK57","country_name":"China","has_approved_claim":false,"ppe_product_types":null,"ppe_contact_phone":null,"ppe_contact_email":null,"ppe_website":null,"is_closed":null}},{"id":"TR20201918YBKWN","type":"Feature","geometry":{"type":"Point","coordinates":[28.828343,41.023626]},"properties":{"name":"Ulupinar Tur Ins Tekstil San ve Dis Tic Ltd Sti","address":"Baglar mah Ataturk cad no 70 Bagcilar Istanbul, Istanbul","country_code":"TR","os_id":"TR20201918YBKWN","country_name":"Türkiye","has_approved_claim":false,"ppe_product_types":null,"ppe_contact_phone":null,"ppe_contact_email":null,"ppe_website":null,"is_closed":null}},{"id":"PK20201911FKVHS","type":"Feature","geometry":{"type":"Point","coordinates":[67.1011861,24.8343389]},"properties":{"name":"Umar Garments","address":"1-B/1 & 1-B/2, Sector-29, Korangi Industrial Area, Karachi, Pakistan., Karachi.","country_code":"PK","os_id":"PK20201911FKVHS","country_name":"Pakistan","has_approved_claim":false,"ppe_product_types":null,"ppe_contact_phone":null,"ppe_contact_email":null,"ppe_website":null,"is_closed":null}},{"id":"BD20192590X4MNC","type":"Feature","geometry":{"type":"Point","coordinates":[90.2784385,23.9920539]},"properties":{"name":"Unifill Composite Dyeing Mills Ltd.","address":"Gobindabari, Bhabanipur, Kashimpur, Gazipur","country_code":"BD","os_id":"BD20192590X4MNC","country_name":"Bangladesh","has_approved_claim":true,"ppe_product_types":null,"ppe_contact_phone":null,"ppe_contact_email":null,"ppe_website":null,"is_closed":null}},{"id":"VN20191005B3XTV","type":"Feature","geometry":{"type":"Point","coordinates":[106.395313,10.297562]},"properties":{"name":"Unisoll Vina Co., Ltd.","address":"BI,BII,BIII,BIV Section, Giao Long Industrial Zone Phase II, Ben Tre, Ben Tre","country_code":"VN","os_id":"VN20191005B3XTV","country_name":"Vietnam","has_approved_claim":false,"ppe_product_types":null,"ppe_contact_phone":null,"ppe_contact_email":null,"ppe_website":null,"is_closed":null}},{"id":"IN2019175XWFPCT","type":"Feature","geometry":{"type":"Point","coordinates":[77.2771846,11.1313388]},"properties":{"name":"Uni Sourcce Treend India","address":"S.F No-88/2B, D. No – 2/301, Kaniampoondi, Village,\nVanjipalayam, (Po), Avinashi Tirupur Tamil Nadu 641663","country_code":"IN","os_id":"IN2019175XWFPCT","country_name":"India","has_approved_claim":false,"ppe_product_types":null,"ppe_contact_phone":null,"ppe_contact_email":null,"ppe_website":null,"is_closed":null}},{"id":"BD20200213V16TC","type":"Feature","geometry":{"type":"Point","coordinates":[90.4904147,23.6312983]},"properties":{"name":"UNITED COSTUME LIMITED","address":"Malancha Nagar, I/A, R # 02,West Isdair, Fatullah, Narayanganj, Bangladesh.  Dhaka","country_code":"BD","os_id":"BD20200213V16TC","country_name":"Bangladesh","has_approved_claim":false,"ppe_product_types":null,"ppe_contact_phone":null,"ppe_contact_email":null,"ppe_website":null,"is_closed":null}},{"id":"VN20190851D59SJ","type":"Feature","geometry":{"type":"Point","coordinates":[109.0681374,12.1487763]},"properties":{"name":"United Swimwear Apparel Co. Ltd.","address":"Lot C1, Suoi Dau Industrial Zone, Cam Lam District, Khanh Hoa Province Cam Lam","country_code":"VN","os_id":"VN20190851D59SJ","country_name":"Vietnam","has_approved_claim":false,"ppe_product_types":null,"ppe_contact_phone":null,"ppe_contact_email":null,"ppe_website":null,"is_closed":null}},{"id":"LT2019354HBTY2E","type":"Feature","geometry":{"type":"Point","coordinates":[25.6255876,55.5100243]},"properties":{"name":"Utenos Trikotazas","address":"J. Basanavičiaus g. 122, Utena 28214, Litauen","country_code":"LT","os_id":"LT2019354HBTY2E","country_name":"Lithuania","has_approved_claim":false,"ppe_product_types":null,"ppe_contact_phone":null,"ppe_contact_email":null,"ppe_website":null,"is_closed":null}},{"id":"BR20201907F4GHX","type":"Feature","geometry":{"type":"Point","coordinates":[-50.8432308,-29.6243588]},"properties":{"name":"Valdir Melha Diniz","address":"R. Coronel João Correia, 1186Parobé95630000","country_code":"BR","os_id":"BR20201907F4GHX","country_name":"Brazil","has_approved_claim":false,"ppe_product_types":null,"ppe_contact_phone":null,"ppe_contact_email":null,"ppe_website":null,"is_closed":null}},{"id":"IN2019297496QPN","type":"Feature","geometry":{"type":"Point","coordinates":[77.3871319,28.6127633]},"properties":{"name":"VAMANI OVERSEAS PVT. LTD.","address":"C-3, Sector-65, Sector-65","country_code":"IN","os_id":"IN2019297496QPN","country_name":"India","has_approved_claim":false,"ppe_product_types":null,"ppe_contact_phone":null,"ppe_contact_email":null,"ppe_website":null,"is_closed":null}},{"id":"IN2022075AAH7K8","type":"Feature","geometry":{"type":"Point","coordinates":[77.3057336,28.3730028]},"properties":{"name":"VAMANI OVERSEAS PVT LTD ( FARIDABAD UNIT )","address":"6F, ADD INDUSTRIAL AREA, NIT FARIDABAD 121005, FARIDABAD","country_code":"IN","os_id":"IN2022075AAH7K8","country_name":"India","has_approved_claim":false,"ppe_product_types":null,"ppe_contact_phone":null,"ppe_contact_email":null,"ppe_website":null,"is_closed":null}},{"id":"IN2019083GX079B","type":"Feature","geometry":{"type":"Point","coordinates":[75.9177606,30.8974149]},"properties":{"name":"Vardhman Textiles Ltd","address":"Chandigarh Road  Ludhiana Ludhiana Punjab","country_code":"IN","os_id":"IN2019083GX079B","country_name":"India","has_approved_claim":false,"ppe_product_types":null,"ppe_contact_phone":null,"ppe_contact_email":null,"ppe_website":null,"is_closed":null}},{"id":"BR20203010B9VV6","type":"Feature","geometry":{"type":"Point","coordinates":[-49.0064912,-26.8975434]},"properties":{"name":"Venturi Estamparia  e Bordados Ltda","address":"Rua Anfilóquio Nunes Píres, 4768 - Bela Vista, Gaspar - SC, 89111-090, Brazil","country_code":"BR","os_id":"BR20203010B9VV6","country_name":"Brazil","has_approved_claim":false,"ppe_product_types":null,"ppe_contact_phone":null,"ppe_contact_email":null,"ppe_website":null,"is_closed":null}},{"id":"TR2019085YDQS93","type":"Feature","geometry":{"type":"Point","coordinates":[31.3233433,40.7798764]},"properties":{"name":"VESTIMORE TEKSTIL","address":"Merkez Mah. Çillioglu Sok., No 21A, Düzce, Kaynasli, 81900","country_code":"TR","os_id":"TR2019085YDQS93","country_name":"Türkiye","has_approved_claim":false,"ppe_product_types":null,"ppe_contact_phone":null,"ppe_contact_email":null,"ppe_website":null,"is_closed":null}},{"id":"IN2020009JRPGPA","type":"Feature","geometry":{"type":"Point","coordinates":[77.2750891,10.5773551]},"properties":{"name":"Victus Dyeings Garment","address":"Division SF No 144 A2 Palani SV Mills Post Udumalpet Tamilnadu 642128 India","country_code":"IN","os_id":"IN2020009JRPGPA","country_name":"India","has_approved_claim":false,"ppe_product_types":null,"ppe_contact_phone":null,"ppe_contact_email":null,"ppe_website":null,"is_closed":null}},{"id":"VN20201918J6SS5","type":"Feature","geometry":{"type":"Point","coordinates":[106.2621135,20.3057645]},"properties":{"name":"Viet Pan-Pacific Nam Dinh Co., Ltd","address":"Giao Cu Trung,Dong Son, Nam Truc, Nam Dinh, Vietnam, Nam Dinh","country_code":"VN","os_id":"VN20201918J6SS5","country_name":"Vietnam","has_approved_claim":false,"ppe_product_types":null,"ppe_contact_phone":null,"ppe_contact_email":null,"ppe_website":null,"is_closed":null}},{"id":"VN2019100NBNDF2","type":"Feature","geometry":{"type":"Point","coordinates":[105.3855769,20.0668966]},"properties":{"name":"VIET PAN - PACIFIC THANH HOA COMPANY LIMITED","address":"Ha Son, industrial zone, Ngoc Lac town, Ngoc Lac district, Thanh Hoa","country_code":"VN","os_id":"VN2019100NBNDF2","country_name":"Vietnam","has_approved_claim":false,"ppe_product_types":null,"ppe_contact_phone":null,"ppe_contact_email":null,"ppe_website":null,"is_closed":null}},{"id":"VN20191765QY14X","type":"Feature","geometry":{"type":"Point","coordinates":[105.7427645,10.0223779]},"properties":{"name":"Viet Thanh Export Garment Co., Ltd","address":"No 246 Hoang Quoc Viet Street, Cai Son Hang Bang Industrial Park, An Binh Ward, Ninh Kieu District, Can Tho City Can Tho","country_code":"VN","os_id":"VN20191765QY14X","country_name":"Vietnam","has_approved_claim":false,"ppe_product_types":null,"ppe_contact_phone":null,"ppe_contact_email":null,"ppe_website":null,"is_closed":null}},{"id":"VN2019083X5KY3H","type":"Feature","geometry":{"type":"Point","coordinates":[106.4199755,10.3014784]},"properties":{"name":"VIET THANH GARMENT TRADING JSC","address":"Lot B3- B4, Giao Long IZAn Phuoc commune","country_code":"VN","os_id":"VN2019083X5KY3H","country_name":"Vietnam","has_approved_claim":false,"ppe_product_types":null,"ppe_contact_phone":null,"ppe_contact_email":null,"ppe_website":null,"is_closed":null}},{"id":"BD2019248MQJVPE","type":"Feature","geometry":{"type":"Point","coordinates":[90.4273016,24.1765829]},"properties":{"name":"Vintage Denim Ltd.","address":"Dhaka Mymensingh Highway, Gilar Chala, Sreepur, Gazipur-1740","country_code":"BD","os_id":"BD2019248MQJVPE","country_name":"Bangladesh","has_approved_claim":false,"ppe_product_types":null,"ppe_contact_phone":null,"ppe_contact_email":null,"ppe_website":null,"is_closed":null}},{"id":"IT2019086B8V7DS","type":"Feature","geometry":{"type":"Point","coordinates":[10.4204504,45.3069141]},"properties":{"name":"Viola Calzificio SPA","address":"Via Castel Goffredo,18 Acquafredda 25010","country_code":"IT","os_id":"IT2019086B8V7DS","country_name":"Italy","has_approved_claim":false,"ppe_product_types":null,"ppe_contact_phone":null,"ppe_contact_email":null,"ppe_website":null,"is_closed":null}},{"id":"BD2019171BK3TRE","type":"Feature","geometry":{"type":"Point","coordinates":[90.4149855,23.7528229]},"properties":{"name":"Voyager Apparels Ltd","address":"8 Malibag, Chowdhurypara, 1219   Dhaka","country_code":"BD","os_id":"BD2019171BK3TRE","country_name":"Bangladesh","has_approved_claim":false,"ppe_product_types":null,"ppe_contact_phone":null,"ppe_contact_email":null,"ppe_website":null,"is_closed":null}},{"id":"BR20203447WTPC2","type":"Feature","geometry":{"type":"Point","coordinates":[-38.4870705,-4.1193398]},"properties":{"name":"Vulcabras Azaleia - Calçados e Artigos Esportivos","address":"Av. Presidente Castelo Branco nº 6847, Distrito Industrial  Horizonte, CE","country_code":"BR","os_id":"BR20203447WTPC2","country_name":"Brazil","has_approved_claim":false,"ppe_product_types":null,"ppe_contact_phone":null,"ppe_contact_email":null,"ppe_website":null,"is_closed":null}},{"id":"DE2019143RN13BS","type":"Feature","geometry":{"type":"Point","coordinates":[12.1544965,49.5487178]},"properties":{"name":"Walter Stoehr GmbH","address":"Feistelberger Str. 19   Wernberg-Köblitz 92533 Baden-Wuerttemberg Germany","country_code":"DE","os_id":"DE2019143RN13BS","country_name":"Germany","has_approved_claim":false,"ppe_product_types":null,"ppe_contact_phone":null,"ppe_contact_email":null,"ppe_website":null,"is_closed":null}},{"id":"CN2019085SD6HMV","type":"Feature","geometry":{"type":"Point","coordinates":[120.728355,30.5391531]},"properties":{"name":"WALT TECHNOLOGY GROUP CO., LTD.","address":"48 SHIJING ROAD HAINING ZHEJIANG 314400","country_code":"CN","os_id":"CN2019085SD6HMV","country_name":"China","has_approved_claim":false,"ppe_product_types":null,"ppe_contact_phone":null,"ppe_contact_email":null,"ppe_website":null,"is_closed":null}},{"id":"CN2022012G8NYMS","type":"Feature","geometry":{"type":"Point","coordinates":[121.99945,37.47352]},"properties":{"name":"Weihai Dishang Runze Garment Co.,Ltd","address":"No.97-3, Huancui Road, Zhangcun Town, Huancui District Weihai City, Shandong, China","country_code":"CN","os_id":"CN2022012G8NYMS","country_name":"China","has_approved_claim":false,"ppe_product_types":null,"ppe_contact_phone":null,"ppe_contact_email":null,"ppe_website":null,"is_closed":null}},{"id":"MM20221453EGDRG","type":"Feature","geometry":{"type":"Point","coordinates":[96.0742573,16.9026706]},"properties":{"name":"Weijie (Myanmar) Clothing Company Limited 2nd","address":"No. 406, Block No. 25, Yaw Ah Twin U Phoe Hlaing Street, Shwe Lin Ban Industrial Zone, Hlaingtharya Township, Yangon, Myanmar","country_code":"MM","os_id":"MM20221453EGDRG","country_name":"Myanmar","has_approved_claim":false,"ppe_product_types":null,"ppe_contact_phone":null,"ppe_contact_email":null,"ppe_website":null,"is_closed":null}},{"id":"BD20192485QJEEA","type":"Feature","geometry":{"type":"Point","coordinates":[90.5219619,24.2345232]},"properties":{"name":"Welldone Apparel Ltd.","address":"Lichubagan Road, Beraider Chala, Sreepur, Gazipur-1740","country_code":"BD","os_id":"BD20192485QJEEA","country_name":"Bangladesh","has_approved_claim":false,"ppe_product_types":null,"ppe_contact_phone":null,"ppe_contact_email":null,"ppe_website":null,"is_closed":null}},{"id":"BD20200215QPZDB","type":"Feature","geometry":{"type":"Point","coordinates":[89.36596139999999,24.8724707]},"properties":{"name":"WELL FASHION LTD UNIT-2","address":"A-6(Part),7-8(Part), BSCIC, Industrial Estate, Kalurghat, Chittagong  Chittagong","country_code":"BD","os_id":"BD20200215QPZDB","country_name":"Bangladesh","has_approved_claim":false,"ppe_product_types":null,"ppe_contact_phone":null,"ppe_contact_email":null,"ppe_website":null,"is_closed":true}},{"id":"CN2020114CS5N0T","type":"Feature","geometry":{"type":"Point","coordinates":[113.8639282,22.9853391]},"properties":{"name":"WELLPOWER SPORTING GOODS CO LTD","address":"NO.112,YAOLE SECTION,LIAOFU ROAD, DONGGUAN, GUANGDONG, 523425, CHINA","country_code":"CN","os_id":"CN2020114CS5N0T","country_name":"China","has_approved_claim":false,"ppe_product_types":null,"ppe_contact_phone":null,"ppe_contact_email":null,"ppe_website":null,"is_closed":null}},{"id":"CN2019097FC62TA","type":"Feature","geometry":{"type":"Point","coordinates":[120.6691862,27.8621221]},"properties":{"name":"Wenzhou Kingstar Leather Products","address":"No.40 Yufeng Road, Xianyan Industrial Zone, Ouhai Area","country_code":"CN","os_id":"CN2019097FC62TA","country_name":"China","has_approved_claim":true,"ppe_product_types":null,"ppe_contact_phone":null,"ppe_contact_email":null,"ppe_website":null,"is_closed":null}}]