[{"id":"CN2019221S8A2AS","type":"Feature","geometry":{"type":"Point","coordinates":[120.505702,28.064639]},"properties":{"name":"WenzhouMingqi ShoesCo. Ltd.","address":"No. 780Yuteng Road, Tengqiao Town, Wenzhou, Zhejiang Province","country_code":"CN","os_id":"CN2019221S8A2AS","country_name":"China","has_approved_claim":false,"ppe_product_types":null,"ppe_contact_phone":null,"ppe_contact_email":null,"ppe_website":null,"is_closed":null}},{"id":"CN2022350S9WSF5","type":"Feature","geometry":{"type":"Point","coordinates":[120.59645,27.72831]},"properties":{"name":"Wenzhou Renfeng","address":"600-638, Zhengsong Ave, Wanquan Town, Pingyang County, Wenzhou City, Zhejiang Province, 325200","country_code":"CN","os_id":"CN2022350S9WSF5","country_name":"China","has_approved_claim":false,"ppe_product_types":null,"ppe_contact_phone":null,"ppe_contact_email":null,"ppe_website":null,"is_closed":null}},{"id":"CN2021348Q4YVHA","type":"Feature","geometry":{"type":"Point","coordinates":[120.59834,27.95413]},"properties":{"name":"Wenzhou Weilan Optical Co., Ltd.","address":"#698 Zhonghui Road, Louqiao, Wenzhou, Zhejiang, 325041","country_code":"CN","os_id":"CN2021348Q4YVHA","country_name":"China","has_approved_claim":false,"ppe_product_types":null,"ppe_contact_phone":null,"ppe_contact_email":null,"ppe_website":null,"is_closed":null}},{"id":"CN2019083GBT2CB","type":"Feature","geometry":{"type":"Point","coordinates":[120.3524284,27.6457403]},"properties":{"name":"Wenzhou Zhongzhi Leather Co Ltd","address":"No2 Qinye Road Shuitou Town Pingyang County Zhejiang","country_code":"CN","os_id":"CN2019083GBT2CB","country_name":"China","has_approved_claim":false,"ppe_product_types":null,"ppe_contact_phone":null,"ppe_contact_email":null,"ppe_website":null,"is_closed":null}},{"id":"MU2019143K3WEE4","type":"Feature","geometry":{"type":"Point","coordinates":[57.5971647,-20.2483065]},"properties":{"name":"World Knits Ltd. (Quartier Militaire)","address":"New Road Vuillemin Quartier Militaire  Militaire 81106  Mauritius","country_code":"MU","os_id":"MU2019143K3WEE4","country_name":"Mauritius","has_approved_claim":false,"ppe_product_types":null,"ppe_contact_phone":null,"ppe_contact_email":null,"ppe_website":null,"is_closed":null}},{"id":"BD2019248RM7ZF1","type":"Feature","geometry":{"type":"Point","coordinates":[90.4125181,23.810332]},"properties":{"name":"Wucho Fashion Ltd.","address":"Afsaruddin Sheikh Complex (3rd Floor), Hazi Liakot Ali Road, Jamgora, Ashulia, Savar, Dhaka - 1349","country_code":"BD","os_id":"BD2019248RM7ZF1","country_name":"Bangladesh","has_approved_claim":false,"ppe_product_types":null,"ppe_contact_phone":null,"ppe_contact_email":null,"ppe_website":null,"is_closed":null}},{"id":"CN2019259871ZGC","type":"Feature","geometry":{"type":"Point","coordinates":[120.6253906,30.9358265]},"properties":{"name":"WUJIANG SANLIAN DYEING AND FINISHING COMPANY","address":"NO 1 West Xiasha Road Pingwang Town,Wujiang District - Suzhou - 200215 - Jiangsu","country_code":"CN","os_id":"CN2019259871ZGC","country_name":"China","has_approved_claim":false,"ppe_product_types":null,"ppe_contact_phone":null,"ppe_contact_email":null,"ppe_website":null,"is_closed":null}},{"id":"CN20190830X3SFG","type":"Feature","geometry":{"type":"Point","coordinates":[120.286231,31.614327]},"properties":{"name":"Wuxi Liutan Garment Co.,Ltd","address":"No.18 Fengxiang Bei Road, Wuxi, Jiangsu, China","country_code":"CN","os_id":"CN20190830X3SFG","country_name":"China","has_approved_claim":false,"ppe_product_types":null,"ppe_contact_phone":null,"ppe_contact_email":null,"ppe_website":null,"is_closed":null}},{"id":"CN2019085KQ3X5S","type":"Feature","geometry":{"type":"Point","coordinates":[120.333789,31.802932]},"properties":{"name":"WUXI ZEZHONG KNITTING & TEXTILE CO. LTD","address":"No.5 XIAGUANGROAD QIAOQI INDUSTRIAL DISTRICT XU-XIAKETOWN JIANGYIN JIANGSU","country_code":"CN","os_id":"CN2019085KQ3X5S","country_name":"China","has_approved_claim":false,"ppe_product_types":null,"ppe_contact_phone":null,"ppe_contact_email":null,"ppe_website":null,"is_closed":null}},{"id":"CN2019298VZXNEA","type":"Feature","geometry":{"type":"Point","coordinates":[120.1868704,33.3950759]},"properties":{"name":"Yancheng Qinda Garment Co., Ltd","address":"No.124-1(18),Changting  road Tinghu District Tinghu District","country_code":"CN","os_id":"CN2019298VZXNEA","country_name":"China","has_approved_claim":false,"ppe_product_types":null,"ppe_contact_phone":null,"ppe_contact_email":null,"ppe_website":null,"is_closed":null}},{"id":"CN2019083219ZYH","type":"Feature","geometry":{"type":"Point","coordinates":[119.349355,32.586409]},"properties":{"name":"Yang Zhou Hanjiang Cheng Gong Shoes Industry Co., Ltd","address":"No. 53 People's Road, Gongdao Town, Hanjiang District,","country_code":"CN","os_id":"CN2019083219ZYH","country_name":"China","has_approved_claim":false,"ppe_product_types":null,"ppe_contact_phone":null,"ppe_contact_email":null,"ppe_website":null,"is_closed":null}},{"id":"CN20192435CNAMA","type":"Feature","geometry":{"type":"Point","coordinates":[119.397994,32.377655]},"properties":{"name":"YANGZHOU HENGTONG","address":"No. 18, Jinshan Road, Bali Town, Economic and Developing Area, Hanjiang District Yangzhou, Jiangsu, China","country_code":"CN","os_id":"CN20192435CNAMA","country_name":"China","has_approved_claim":false,"ppe_product_types":null,"ppe_contact_phone":null,"ppe_contact_email":null,"ppe_website":null,"is_closed":null}},{"id":"CN2021314FDW17Y","type":"Feature","geometry":{"type":"Point","coordinates":[119.412939,32.394209]},"properties":{"name":"YANGZHOU YAXIYA HEADWEAR AND GARMENT CO.,LTD","address":"NO.138,NORTH OF JINSHAN ROAD, BALI TOWN, YANGZHOU DEVELOPMENT ZON","country_code":"CN","os_id":"CN2021314FDW17Y","country_name":"China","has_approved_claim":false,"ppe_product_types":null,"ppe_contact_phone":null,"ppe_contact_email":null,"ppe_website":null,"is_closed":null}},{"id":"CN2021210BSCGG9","type":"Feature","geometry":{"type":"Point","coordinates":[120.044837,33.347111]},"properties":{"name":"Yangzhou Zhongchun Knitting Company","address":"No. 21 Fenghuang Road Zongcun TownJiangdu District Yangzhou Jiangsu 225200","country_code":"CN","os_id":"CN2021210BSCGG9","country_name":"China","has_approved_claim":false,"ppe_product_types":null,"ppe_contact_phone":null,"ppe_contact_email":null,"ppe_website":null,"is_closed":null}},{"id":"CN20190837ABN70","type":"Feature","geometry":{"type":"Point","coordinates":[121.2386069,37.51857589999999]},"properties":{"name":"Yantai Pacific Home Fashion Co. Ltd","address":"No.188 PuWan Road, Fushan District Yantai Shandong","country_code":"CN","os_id":"CN20190837ABN70","country_name":"China","has_approved_claim":false,"ppe_product_types":null,"ppe_contact_phone":null,"ppe_contact_email":null,"ppe_website":null,"is_closed":null}},{"id":"IN2021055V2WQC2","type":"Feature","geometry":{"type":"Point","coordinates":[72.834252,21.1460193]},"properties":{"name":"Yes Dyieing & Printng Pvt. Ltd.","address":"Plot No. 207, A Road, Pandesara GIDC, Pandesara, Surat, 394221","country_code":"IN","os_id":"IN2021055V2WQC2","country_name":"India","has_approved_claim":false,"ppe_product_types":null,"ppe_contact_phone":null,"ppe_contact_email":null,"ppe_website":null,"is_closed":null}},{"id":"VN2019087S6YX5Y","type":"Feature","geometry":{"type":"Point","coordinates":[105.1405147,21.4249322]},"properties":{"name":"Yi Da Viet Nam Limited","address":"Song Thao town Industrial Cluster, Song Thao town, Cam Khe District, Phu Tho Province.","country_code":"VN","os_id":"VN2019087S6YX5Y","country_name":"Vietnam","has_approved_claim":false,"ppe_product_types":null,"ppe_contact_phone":null,"ppe_contact_email":null,"ppe_website":null,"is_closed":null}},{"id":"TR20222845FEF6H","type":"Feature","geometry":{"type":"Point","coordinates":[37.0976374,39.7932093]},"properties":{"name":"YILDIRIM CORAP IMALAT TICARET VE SANAYI A.S","address":"1. Organize Sanayi Bolgesi 1, Kisim 2, Cadde 2, Sokak, No 2, Sivas, Istanbul, Turkey","country_code":"TR","os_id":"TR20222845FEF6H","country_name":"Türkiye","has_approved_claim":false,"ppe_product_types":null,"ppe_contact_phone":null,"ppe_contact_email":null,"ppe_website":null,"is_closed":null}},{"id":"CN202235334N749","type":"Feature","geometry":{"type":"Point","coordinates":[120.01736,29.1962]},"properties":{"name":"Yiwu Joyear Knitting Hosiery Co Ltd","address":"58 Chao Yang Dong Road Fotang Town Yinan Industrial Park Yiwu City Zhejiang","country_code":"CN","os_id":"CN202235334N749","country_name":"China","has_approved_claim":false,"ppe_product_types":null,"ppe_contact_phone":null,"ppe_contact_email":null,"ppe_website":null,"is_closed":null}},{"id":"CN20210471J0WP6","type":"Feature","geometry":{"type":"Point","coordinates":[120.340053,31.512478]},"properties":{"name":"YueXin(WuXi) Apparel & Accessories Co.,Ltd","address":"5,Taiyun Road,BingHu Economic & Technological, development zone","country_code":"CN","os_id":"CN20210471J0WP6","country_name":"China","has_approved_claim":false,"ppe_product_types":null,"ppe_contact_phone":null,"ppe_contact_email":null,"ppe_website":null,"is_closed":null}},{"id":"BD20200213VMF4J","type":"Feature","geometry":{"type":"Point","coordinates":[90.3204211,23.9098356]},"properties":{"name":"Z 3 Composite Knitwear Ltd","address":"62, Khatgara, Zirabo, Ashulia, Savar 1340","country_code":"BD","os_id":"BD20200213VMF4J","country_name":"Bangladesh","has_approved_claim":false,"ppe_product_types":null,"ppe_contact_phone":null,"ppe_contact_email":null,"ppe_website":null,"is_closed":null}},{"id":"MX2020315BMPED2","type":"Feature","geometry":{"type":"Point","coordinates":[-97.9179883,19.3426702]},"properties":{"name":"Zentrix S. De R.L. De C.V.","address":"Virgen De La Caridad No. 1, Ciudad Industrial Xicohtencatl II Tlaxcala Huamantla","country_code":"MX","os_id":"MX2020315BMPED2","country_name":"Mexico","has_approved_claim":false,"ppe_product_types":null,"ppe_contact_phone":null,"ppe_contact_email":null,"ppe_website":null,"is_closed":null}},{"id":"CN2020309TEGFNX","type":"Feature","geometry":{"type":"Point","coordinates":[120.891293,30.938787]},"properties":{"name":"Zhangjiagang Huaxia Headgear Co., Ltd.","address":"Xitang Highway No. 388, Henan Community, Yangshe Town, Suzhou","country_code":"CN","os_id":"CN2020309TEGFNX","country_name":"China","has_approved_claim":false,"ppe_product_types":null,"ppe_contact_phone":null,"ppe_contact_email":null,"ppe_website":null,"is_closed":null}},{"id":"CN2021355A91P7M","type":"Feature","geometry":{"type":"Point","coordinates":[120.64296,31.81688]},"properties":{"name":"Zhangjiagang STP Headwear Ltd","address":"Building #3, No. 9 Shuangfeng Road, Miaoqiao, Tangqiao Town","country_code":"CN","os_id":"CN2021355A91P7M","country_name":"China","has_approved_claim":false,"ppe_product_types":null,"ppe_contact_phone":null,"ppe_contact_email":null,"ppe_website":null,"is_closed":null}},{"id":"CN2020053YJ7MR0","type":"Feature","geometry":{"type":"Point","coordinates":[120.5545,31.80917]},"properties":{"name":"Zhangjiagang Yongsheng Printing & Dyeing Co., Ltd.","address":"No.1, Yangzi Rd.,Tangshi Town, Zhangjiagang City, Suzhou, Jiangsu, 215613","country_code":"CN","os_id":"CN2020053YJ7MR0","country_name":"China","has_approved_claim":false,"ppe_product_types":null,"ppe_contact_phone":null,"ppe_contact_email":null,"ppe_website":null,"is_closed":null}},{"id":"CN20190867FMK9H","type":"Feature","geometry":{"type":"Point","coordinates":[120.1419274,29.3955054]},"properties":{"name":"ZheJiang Avontin Underwear Co.,ltd","address":"SuHua Rd.508,SuxiTown ,Yiwu City,Zhejiang, 322009, Yiwu, China","country_code":"CN","os_id":"CN20190867FMK9H","country_name":"China","has_approved_claim":false,"ppe_product_types":null,"ppe_contact_phone":null,"ppe_contact_email":null,"ppe_website":null,"is_closed":null}},{"id":"CN2019284NPYDFG","type":"Feature","geometry":{"type":"Point","coordinates":[120.1283568,29.3995125]},"properties":{"name":"Zhejiang Bangjie Digital Knitting Share Co. Ltd","address":"Block A Bangjie Plazano.21 Suhua Street South Section   Suxi  Yiwu 322000 Zhejiang China","country_code":"CN","os_id":"CN2019284NPYDFG","country_name":"China","has_approved_claim":false,"ppe_product_types":null,"ppe_contact_phone":null,"ppe_contact_email":null,"ppe_website":null,"is_closed":null}},{"id":"CN20201914YNYNA","type":"Feature","geometry":{"type":"Point","coordinates":[120.07514,29.306756]},"properties":{"name":"Zhejiang Baonasi Hoses Industry Co.,Ltd","address":"No.627 Jichang Road, Yiwu","country_code":"CN","os_id":"CN20201914YNYNA","country_name":"China","has_approved_claim":false,"ppe_product_types":null,"ppe_contact_phone":null,"ppe_contact_email":null,"ppe_website":null,"is_closed":null}},{"id":"CN2019083NN57YW","type":"Feature","geometry":{"type":"Point","coordinates":[120.655148,27.778657]},"properties":{"name":"Zhejiang Bidibi Shoes Co Ltd","address":"Zhejiang Bidibi Shoes Coltd Industrial Park  Xianjiang Town Ruian City Zhejiang Province","country_code":"CN","os_id":"CN2019083NN57YW","country_name":"China","has_approved_claim":false,"ppe_product_types":null,"ppe_contact_phone":null,"ppe_contact_email":null,"ppe_website":null,"is_closed":null}},{"id":"CN2020035HEY2RM","type":"Feature","geometry":{"type":"Point","coordinates":[119.8163599,28.8927037]},"properties":{"name":"ZHEJIANG CHENGPENG INDUSTRY AND TRADE CO. LTD.","address":"No 3 of West WeiWu Road, Hardware & Machinery Industrial Park TongQin Town, WuYi County JinHua 321200 Zhejiang China","country_code":"CN","os_id":"CN2020035HEY2RM","country_name":"China","has_approved_claim":false,"ppe_product_types":null,"ppe_contact_phone":null,"ppe_contact_email":null,"ppe_website":null,"is_closed":null}},{"id":"CN2021090VBPACH","type":"Feature","geometry":{"type":"Point","coordinates":[120.6652626,30.1754215]},"properties":{"name":"Zhejiang Dato Printing & Dying Co., Ltd","address":"Donglong Road, Binhai Industrial Zone, Keqiao District, Shaoxing City,Zhejiang Province, China","country_code":"CN","os_id":"CN2021090VBPACH","country_name":"China","has_approved_claim":false,"ppe_product_types":null,"ppe_contact_phone":null,"ppe_contact_email":null,"ppe_website":null,"is_closed":null}},{"id":"CN2019087X0D7PK","type":"Feature","geometry":{"type":"Point","coordinates":[118.629397,28.729378]},"properties":{"name":"Zhejiang Jasan Group Jiangshan Knitting Co.,Ltd Phase I","address":"Building 1, No.18 Chuangxin Road, Qinghu street, Jiangshan City, Quzhou, Zhejiang province","country_code":"CN","os_id":"CN2019087X0D7PK","country_name":"China","has_approved_claim":false,"ppe_product_types":null,"ppe_contact_phone":null,"ppe_contact_email":null,"ppe_website":null,"is_closed":null}},{"id":"CN2019156MVK40F","type":"Feature","geometry":{"type":"Point","coordinates":[121.565928,28.364578]},"properties":{"name":"Zhejiang Kaijia Crafts Co Ltd","address":"Ganpeng Village Songmen Town Wenling City Zhejiang Province China","country_code":"CN","os_id":"CN2019156MVK40F","country_name":"China","has_approved_claim":false,"ppe_product_types":null,"ppe_contact_phone":null,"ppe_contact_email":null,"ppe_website":null,"is_closed":null}},{"id":"CN2021218PHW2Z5","type":"Feature","geometry":{"type":"Point","coordinates":[119.588397,29.064238]},"properties":{"name":"Zhejiang Lily Underwear Co., Ltd (SD)","address":"No.358 Wenxi Street, Wucheng District, Jinhua City, Zhejiang, China","country_code":"CN","os_id":"CN2021218PHW2Z5","country_name":"China","has_approved_claim":false,"ppe_product_types":null,"ppe_contact_phone":null,"ppe_contact_email":null,"ppe_website":null,"is_closed":null}},{"id":"CN2021356Q0MFMJ","type":"Feature","geometry":{"type":"Point","coordinates":[120.00903,29.27701]},"properties":{"name":"Zhejiang Mengna Knitting Co., Ltd (Beiyuan Brunch)","address":"Number 768 Hengtong Road,Choujiang Street,Yiwu City, Zhejiang Province,322000,China","country_code":"CN","os_id":"CN2021356Q0MFMJ","country_name":"China","has_approved_claim":false,"ppe_product_types":null,"ppe_contact_phone":null,"ppe_contact_email":null,"ppe_website":null,"is_closed":null}},{"id":"CN20211261JNMYS","type":"Feature","geometry":{"type":"Point","coordinates":[120.628606,30.152637]},"properties":{"name":"ZheJiang Rainbow Village Printing & Dyeing Co. Ltd.","address":"Binhai Industrial Zone, Shaoxin City Zhejiang","country_code":"CN","os_id":"CN20211261JNMYS","country_name":"China","has_approved_claim":false,"ppe_product_types":null,"ppe_contact_phone":null,"ppe_contact_email":null,"ppe_website":null,"is_closed":null}},{"id":"CN2019083P8726N","type":"Feature","geometry":{"type":"Point","coordinates":[120.4388907,30.2359486]},"properties":{"name":"Zhejiang Saintyear Textile Co., Ltd","address":"No. 688 Xingle East Road 311221 Xiaoshan Hangzhou Zhejiang","country_code":"CN","os_id":"CN2019083P8726N","country_name":"China","has_approved_claim":false,"ppe_product_types":null,"ppe_contact_phone":null,"ppe_contact_email":null,"ppe_website":null,"is_closed":null}},{"id":"CN202019108FFRY","type":"Feature","geometry":{"type":"Point","coordinates":[120.3166151,30.1707012]},"properties":{"name":"Zhejiang Samsung Down Co., Ltd","address":"No.288, Xiaoshao East Road,Xintang, Hangzhou","country_code":"CN","os_id":"CN202019108FFRY","country_name":"China","has_approved_claim":false,"ppe_product_types":null,"ppe_contact_phone":null,"ppe_contact_email":null,"ppe_website":null,"is_closed":null}},{"id":"CN2019083CC2EVB","type":"Feature","geometry":{"type":"Point","coordinates":[120.1566162,29.6971164]},"properties":{"name":"Zhejiang Talent Socks Co., Ltd.","address":"No. 18 Jinsong Road, 311800 Zhuji","country_code":"CN","os_id":"CN2019083CC2EVB","country_name":"China","has_approved_claim":false,"ppe_product_types":null,"ppe_contact_phone":null,"ppe_contact_email":null,"ppe_website":null,"is_closed":null}},{"id":"CN2020079ZNYV3N","type":"Feature","geometry":{"type":"Point","coordinates":[120.7249791,30.7131991]},"properties":{"name":"Zhejiang Winight Knitting Co., Ltd.","address":"No.161 Zhaohui Road Economic Development Zone, Jiaxing, Zhejiang, China","country_code":"CN","os_id":"CN2020079ZNYV3N","country_name":"China","has_approved_claim":false,"ppe_product_types":null,"ppe_contact_phone":null,"ppe_contact_email":null,"ppe_website":null,"is_closed":null}},{"id":"CN2020053CST0WR","type":"Feature","geometry":{"type":"Point","coordinates":[120.628606,30.152637]},"properties":{"name":"Zhejiang Xinxin Digital Technology Co.,Ltd.","address":"Xin'er Village, Ma'an Town, Binhai Industrial Zone, Keqiao District, Shaoxing City  Zhejiang Priovince China Shaoxing Zhejiang 312000","country_code":"CN","os_id":"CN2020053CST0WR","country_name":"China","has_approved_claim":false,"ppe_product_types":null,"ppe_contact_phone":null,"ppe_contact_email":null,"ppe_website":null,"is_closed":null}},{"id":"CN20213404SRX2H","type":"Feature","geometry":{"type":"Point","coordinates":[120.01736,29.1962]},"properties":{"name":"Zhejiang Yubo Garment Co Ltd","address":"No 98 Shuangfeng Road Yinan Industrial Zone Fotang Town, Yiwu","country_code":"CN","os_id":"CN20213404SRX2H","country_name":"China","has_approved_claim":false,"ppe_product_types":null,"ppe_contact_phone":null,"ppe_contact_email":null,"ppe_website":null,"is_closed":null}},{"id":"CN2020010EHHTRR","type":"Feature","geometry":{"type":"Point","coordinates":[121.351672,28.449425]},"properties":{"name":"Zhejiang Zhuoling Shoes Ltd","address":"No.5, Muheng Road, Munan  Village , Zeguo Town,   W enling  China","country_code":"CN","os_id":"CN2020010EHHTRR","country_name":"China","has_approved_claim":false,"ppe_product_types":null,"ppe_contact_phone":null,"ppe_contact_email":null,"ppe_website":null,"is_closed":null}},{"id":"CN2021355KW5FZ5","type":"Feature","geometry":{"type":"Point","coordinates":[113.393846,22.435164]},"properties":{"name":"Zhongshan Shengliang Textile Industry Co. Ltd.","address":"Production Building #1, No.112 Liyushan, Longshi Village, Wuguishan, Zhongshan City, Guangdong Province, China","country_code":"CN","os_id":"CN2021355KW5FZ5","country_name":"China","has_approved_claim":false,"ppe_product_types":null,"ppe_contact_phone":null,"ppe_contact_email":null,"ppe_website":null,"is_closed":null}},{"id":"CN20191003C9TJ2","type":"Feature","geometry":{"type":"Point","coordinates":[120.1615024,29.6087845]},"properties":{"name":"Zhuji Haoyu Socks Co., Ltd","address":"No.15, Fengzu Road STE Paitou town, zhuji, Zhejiang","country_code":"CN","os_id":"CN20191003C9TJ2","country_name":"China","has_approved_claim":false,"ppe_product_types":null,"ppe_contact_phone":null,"ppe_contact_email":null,"ppe_website":null,"is_closed":null}},{"id":"CN20200767GVKBJ","type":"Feature","geometry":{"type":"Point","coordinates":[120.1726447,29.7024742]},"properties":{"name":"Zhuji Shi Walter Socks Co., Ltd.","address":"666th West Lianyi Road, Datang Town, 311801 Zhuji, Zhejiang","country_code":"CN","os_id":"CN20200767GVKBJ","country_name":"China","has_approved_claim":false,"ppe_product_types":null,"ppe_contact_phone":null,"ppe_contact_email":null,"ppe_website":null,"is_closed":null}},{"id":"CN20191004KXR9K","type":"Feature","geometry":{"type":"Point","coordinates":[117.861688,36.829465]},"properties":{"name":"Zibo Aodisen Maternal & Infant Products Corp.","address":"No. 1388 Sichou Road, Zhoucun, Zibo, Zhoucun, Zibo, Shandong","country_code":"CN","os_id":"CN20191004KXR9K","country_name":"China","has_approved_claim":false,"ppe_product_types":null,"ppe_contact_phone":null,"ppe_contact_email":null,"ppe_website":null,"is_closed":null}},{"id":"TR2021309QNRR4Q","type":"Feature","geometry":{"type":"Point","coordinates":[29.1769019,40.9862046]},"properties":{"name":"2010 Istanbul Tekstil San. Ve Dis. Tic. Ltd. Sti.","address":"Zafer Mah. Adile Nasit Bulvari 151/152 Sok. B Blok No:3-5 K:4-5 Esenyurt / Istanbul","country_code":"TR","os_id":"TR2021309QNRR4Q","country_name":"Türkiye","has_approved_claim":false,"ppe_product_types":null,"ppe_contact_phone":null,"ppe_contact_email":null,"ppe_website":null,"is_closed":null}},{"id":"BR2019086B862Z8","type":"Feature","geometry":{"type":"Point","coordinates":[-49.62931039999999,-27.0363656]},"properties":{"name":"4S Industria De Confeccoes Ltda - Me","address":"R. Valentin Schmidt, 255, 89150000, Presidente GetЈlio, Brazil","country_code":"BR","os_id":"BR2019086B862Z8","country_name":"Brazil","has_approved_claim":false,"ppe_product_types":null,"ppe_contact_phone":null,"ppe_contact_email":null,"ppe_website":null,"is_closed":null}},{"id":"RS2021203JK9EHW","type":"Feature","geometry":{"type":"Point","coordinates":[19.6717547,46.0962208]},"properties":{"name":"8. MART Doo Beogras Fabrika Subotica","address":"1. Sencanski put 85 - Main PU in Subotica; 2. Vojvode Misica 15 - Second PU in Novi Knezevac.","country_code":"RS","os_id":"RS2021203JK9EHW","country_name":"Serbia","has_approved_claim":false,"ppe_product_types":null,"ppe_contact_phone":null,"ppe_contact_email":null,"ppe_website":null,"is_closed":null}}]